execution_model_version,equal_timestamp_policy,snapshot_time_policy,trade_gap_policy,entry_latency_ms,entry_jitter_ms,cancel_latency_ms,cancel_jitter_ms,latency_seed,post_only,queue_cancellation_credit,legacy_queue_cancellation_mode,window,run_dir,row_type,endpoint_sensitive,current_maker_fee_bps,net_pnl,gross_before_fees,current_fees,fee_notional,break_even_maker_fee_bps,required_rebate_bps,lot_count,total_quantity,quantity_weighted_net_per_btc
event_driven_v2,market_data_before_private_actions_v1,post_response_proxy_depth_boundary_v1,pause_until_snapshot,10,0,10,0,42,True,0,none,2026-04-12T09:00:00,btcusdt_microprice_20260412_09_5h_5sessions_hs2.00_rq5000_qc0,full_strategy,True,2,-0.39913170850000000000,-0.06873450000000000000,0.33039720850000000000,1651.9860425000000000,-0.4160719172662138275904955172,0.4160719172662138275904955172,,0.02316000,-17.23366617012089810017271157
event_driven_v2,market_data_before_private_actions_v1,post_response_proxy_depth_boundary_v1,pause_until_snapshot,10,0,10,0,42,True,0,none,2026-04-12T09:00:00,btcusdt_microprice_20260412_09_5h_5sessions_hs2.00_rq5000_qc0,full_matched_lots,False,2,-0.39144588776000000000,-0.1321060000000000,0.25933988776000000000,1296.6994388000000000,-1.018786590377908938137191396,1.018786590377908938137191396,32,0.00909000,-43.06335398899889988998899890
event_driven_v2,market_data_before_private_actions_v1,post_response_proxy_depth_boundary_v1,pause_until_snapshot,10,0,10,0,42,True,0,none,2026-04-12T09:00:00,btcusdt_microprice_20260412_09_5h_5sessions_hs2.00_rq5000_qc0,matched_tail_excluded_worst_5pct,False,2,-0.35852299148000000000,-0.1031874000000000,0.25533559148000000000,1276.6779574000000000,-0.8082492487780145016546206408,0.8082492487780145016546206408,30,0.00895000,-40.05843480223463687150837989
event_driven_v2,market_data_before_private_actions_v1,post_response_proxy_depth_boundary_v1,pause_until_snapshot,10,0,10,0,42,True,0,none,2026-04-12T09:00:00,btcusdt_microprice_20260412_09_5h_5sessions_hs2.00_rq5000_qc0,matched_body_only_ex_worst_best_5pct,False,2,-0.41097345548000000000,-0.1945474000000000,0.21642605548000000000,1082.1302774000000000,-1.797818655138573983310301932,1.797818655138573983310301932,28,0.00759000,-54.14670032674571805006587615
event_driven_v2,market_data_before_private_actions_v1,post_response_proxy_depth_boundary_v1,pause_until_snapshot,10,0,10,0,42,True,0,none,2026-04-12T15:00:00,btcusdt_microprice_20260412_15_5h_5sessions_hs2.00_rq5000_qc0,full_strategy,True,2,-0.17903049696000000000,0.02059860000000000000,0.19962909696000000000,998.1454848000000000,0.2063687139167630886827611285,0,,0.01408000,-12.71523415909090909090909091
event_driven_v2,market_data_before_private_actions_v1,post_response_proxy_depth_boundary_v1,pause_until_snapshot,10,0,10,0,42,True,0,none,2026-04-12T15:00:00,btcusdt_microprice_20260412_15_5h_5sessions_hs2.00_rq5000_qc0,full_matched_lots,False,2,-0.09230922692000000000,0.0375038000000000,0.12981302692000000000,649.0651346000000000,0.5778125799826315304904685909,0,13,0.00458000,-20.15485303930131004366812227
event_driven_v2,market_data_before_private_actions_v1,post_response_proxy_depth_boundary_v1,pause_until_snapshot,10,0,10,0,42,True,0,none,2026-04-12T15:00:00,btcusdt_microprice_20260412_15_5h_5sessions_hs2.00_rq5000_qc0,matched_tail_excluded_worst_5pct,False,2,-0.06089800836000000000,0.0598110000000000,0.12070900836000000000,603.5450418000000000,0.9909948033310146232071987175,0,12,0.00426000,-14.29530712676056338028169014
event_driven_v2,market_data_before_private_actions_v1,post_response_proxy_depth_boundary_v1,pause_until_snapshot,10,0,10,0,42,True,0,none,2026-04-12T15:00:00,btcusdt_microprice_20260412_15_5h_5sessions_hs2.00_rq5000_qc0,matched_body_only_ex_worst_best_5pct,False,2,-0.09794831132000000000,0.0103066000000000,0.10825491132000000000,541.2745566000000000,0.1904135318079719249083211017,0,11,0.00382000,-25.64091919371727748691099476
event_driven_v2,market_data_before_private_actions_v1,post_response_proxy_depth_boundary_v1,pause_until_snapshot,10,0,10,0,42,True,0,none,2026-04-13T02:00:00,btcusdt_microprice_20260413_02_5h_5sessions_hs2.00_rq5000_qc0,full_strategy,True,2,-0.33821155632000000000,-0.12600050000000000000,0.21221105632000000000,1061.0552816000000000,-1.187501746468852410451071073,1.187501746468852410451071073,,0.01494000,-22.63798904417670682730923695
event_driven_v2,market_data_before_private_actions_v1,post_response_proxy_depth_boundary_v1,pause_until_snapshot,10,0,10,0,42,True,0,none,2026-04-13T02:00:00,btcusdt_microprice_20260413_02_5h_5sessions_hs2.00_rq5000_qc0,full_matched_lots,False,2,-0.12033839884000000000,0.0069042000000000,0.12724259884000000000,636.2129942000000000,0.1085202607136564517531195058,0,21,0.00448000,-26.86124974107142857142857143
event_driven_v2,market_data_before_private_actions_v1,post_response_proxy_depth_boundary_v1,pause_until_snapshot,10,0,10,0,42,True,0,none,2026-04-13T02:00:00,btcusdt_microprice_20260413_02_5h_5sessions_hs2.00_rq5000_qc0,matched_tail_excluded_worst_5pct,False,2,-0.09882639884000000000,0.0238642000000000,0.12269059884000000000,613.4529942000000000,0.3890143209932677185716799294,0,20,0.00432000,-22.87648121296296296296296296
event_driven_v2,market_data_before_private_actions_v1,post_response_proxy_depth_boundary_v1,pause_until_snapshot,10,0,10,0,42,True,0,none,2026-04-13T02:00:00,btcusdt_microprice_20260413_02_5h_5sessions_hs2.00_rq5000_qc0,matched_body_only_ex_worst_best_5pct,False,2,-0.14092278284000000000,-0.0273358000000000,0.11358698284000000000,567.9349142000000000,-0.4813192377599383728819537329,0.4813192377599383728819537329,19,0.00400000,-35.230695710000
event_driven_v2,market_data_before_private_actions_v1,post_response_proxy_depth_boundary_v1,pause_until_snapshot,10,0,10,0,42,True,0,none,2026-04-13T07:00:00,btcusdt_microprice_20260413_07_5h_5sessions_hs2.00_rq5000_qc0,full_strategy,True,2,-0.44514689384000000000,-0.20005040000000000000,0.24509649384000000000,1225.4824692000000000,-1.632421556634700164505625390,1.632421556634700164505625390,,0.01732000,-25.70132181524249422632794457
event_driven_v2,market_data_before_private_actions_v1,post_response_proxy_depth_boundary_v1,pause_until_snapshot,10,0,10,0,42,True,0,none,2026-04-13T07:00:00,btcusdt_microprice_20260413_07_5h_5sessions_hs2.00_rq5000_qc0,full_matched_lots,False,2,-0.46667800576000000000,-0.3596640000000000,0.10701400576000000000,535.0700288000000000,-6.721811737551763243144296256,6.721811737551763243144296256,21,0.00378000,-123.4597898835978835978835979
event_driven_v2,market_data_before_private_actions_v1,post_response_proxy_depth_boundary_v1,pause_until_snapshot,10,0,10,0,42,True,0,none,2026-04-13T07:00:00,btcusdt_microprice_20260413_07_5h_5sessions_hs2.00_rq5000_qc0,matched_tail_excluded_worst_5pct,False,2,-0.38809763776000000000,-0.2912640000000000,0.09683363776000000000,484.1681888000000000,-6.015760777714275143224775200,6.015760777714275143224775200,20,0.00342000,-113.4788414502923976608187135
event_driven_v2,market_data_before_private_actions_v1,post_response_proxy_depth_boundary_v1,pause_until_snapshot,10,0,10,0,42,True,0,none,2026-04-13T07:00:00,btcusdt_microprice_20260413_07_5h_5sessions_hs2.00_rq5000_qc0,matched_body_only_ex_worst_best_5pct,False,2,-0.39694767728000000000,-0.3023784000000000,0.09456927728000000000,472.8463864000000000,-6.394854834402938772252400151,6.394854834402938772252400151,19,0.00334000,-118.8466099640718562874251497
event_driven_v2,market_data_before_private_actions_v1,post_response_proxy_depth_boundary_v1,pause_until_snapshot,10,0,10,0,42,True,0,none,2026-04-13T12:00:00,btcusdt_microprice_20260413_12_5h_5sessions_hs2.00_rq5000_qc0,full_strategy,True,2,-10.51427717764000000000,-9.63318020000000000000,0.88109697764000000000,4405.4848882000000000,-21.86633354662564746282132077,21.86633354662564746282132077,,0.06144000,-171.1308134381510416666666667
event_driven_v2,market_data_before_private_actions_v1,post_response_proxy_depth_boundary_v1,pause_until_snapshot,10,0,10,0,42,True,0,none,2026-04-13T12:00:00,btcusdt_microprice_20260413_12_5h_5sessions_hs2.00_rq5000_qc0,full_matched_lots,False,2,-1.70592603200000000000,-1.1311990000000000,0.57472703200000000000,2873.6351600000000000,-3.936473967697416397146254293,3.936473967697416397146254293,76,0.02004000,-85.12604950099800399201596806
event_driven_v2,market_data_before_private_actions_v1,post_response_proxy_depth_boundary_v1,pause_until_snapshot,10,0,10,0,42,True,0,none,2026-04-13T12:00:00,btcusdt_microprice_20260413_12_5h_5sessions_hs2.00_rq5000_qc0,matched_tail_excluded_worst_5pct,False,2,-1.27616577930000000000,-0.7274755000000000,0.54869027930000000000,2743.4513965000000000,-2.651679927437708481379323754,2.651679927437708481379323754,72,0.01913000,-66.71018187663355985363303711
event_driven_v2,market_data_before_private_actions_v1,post_response_proxy_depth_boundary_v1,pause_until_snapshot,10,0,10,0,42,True,0,none,2026-04-13T12:00:00,btcusdt_microprice_20260413_12_5h_5sessions_hs2.00_rq5000_qc0,matched_body_only_ex_worst_best_5pct,False,2,-1.55656278154000000000,-1.0467843000000000,0.50977848154000000000,2548.8924077000000000,-4.106820267649385254198935013,4.106820267649385254198935013,68,0.01777000,-87.59497926505346088913899831
event_driven_v2,market_data_before_private_actions_v1,post_response_proxy_depth_boundary_v1,pause_until_snapshot,10,0,10,0,42,True,0,none,2026-04-14T02:00:00,btcusdt_microprice_20260414_02_5h_5sessions_hs2.00_rq5000_qc0,full_strategy,True,2,-1.02725722960000000000,-0.64622745000000000000,0.38102977960000000000,1905.1488980000000000,-3.392004953935101822156894742,3.392004953935101822156894742,,0.02561000,-40.11156695040999609527528309
event_driven_v2,market_data_before_private_actions_v1,post_response_proxy_depth_boundary_v1,pause_until_snapshot,10,0,10,0,42,True,0,none,2026-04-14T02:00:00,btcusdt_microprice_20260414_02_5h_5sessions_hs2.00_rq5000_qc0,full_matched_lots,False,2,-0.54799232076000000000,-0.2435830000000000,0.30440932076000000000,1522.0466038000000000,-1.600364925698472886668386520,1.600364925698472886668386520,34,0.01023000,-53.56718678005865102639296188
event_driven_v2,market_data_before_private_actions_v1,post_response_proxy_depth_boundary_v1,pause_until_snapshot,10,0,10,0,42,True,0,none,2026-04-14T02:00:00,btcusdt_microprice_20260414_02_5h_5sessions_hs2.00_rq5000_qc0,matched_tail_excluded_worst_5pct,False,2,-0.52117300194000000000,-0.2209289000000000,0.30024410194000000000,1501.2205097000000000,-1.471661881598925506606406311,1.471661881598925506606406311,32,0.01009000,-51.65242833894945490584737364
event_driven_v2,market_data_before_private_actions_v1,post_response_proxy_depth_boundary_v1,pause_until_snapshot,10,0,10,0,42,True,0,none,2026-04-14T02:00:00,btcusdt_microprice_20260414_02_5h_5sessions_hs2.00_rq5000_qc0,matched_body_only_ex_worst_best_5pct,False,2,-0.54385678012000000000,-0.2540340000000000,0.28982278012000000000,1449.1139006000000000,-1.753029902582662452171911765,1.753029902582662452171911765,30,0.00974000,-55.83745175770020533880903491
event_driven_v2,market_data_before_private_actions_v1,post_response_proxy_depth_boundary_v1,pause_until_snapshot,10,0,10,0,42,True,0,none,2026-04-14T12:00:00,btcusdt_microprice_20260414_12_5h_5sessions_hs2.00_rq5000_qc0,full_strategy,True,2,3.10781983312000000000,4.20058280000000000000,1.09276296688000000000,5463.8148344000000000,7.688003578659488402519353136,0,,0.07268000,42.76031691139240506329113924
event_driven_v2,market_data_before_private_actions_v1,post_response_proxy_depth_boundary_v1,pause_until_snapshot,10,0,10,0,42,True,0,none,2026-04-14T12:00:00,btcusdt_microprice_20260414_12_5h_5sessions_hs2.00_rq5000_qc0,full_matched_lots,False,2,-1.85454027146000000000,-1.1544343000000000,0.70010597146000000000,3500.5298573000000000,-3.297884454813445878732285367,3.297884454813445878732285367,78,0.02328000,-79.66238279467353951890034364
event_driven_v2,market_data_before_private_actions_v1,post_response_proxy_depth_boundary_v1,pause_until_snapshot,10,0,10,0,42,True,0,none,2026-04-14T12:00:00,btcusdt_microprice_20260414_12_5h_5sessions_hs2.00_rq5000_qc0,matched_tail_excluded_worst_5pct,False,2,-0.52336445476000000000,0.0995828000000000,0.62294725476000000000,3114.7362738000000000,0.3197150296082958212986924505,0,74,0.02071000,-25.27109873297923708353452438
event_driven_v2,market_data_before_private_actions_v1,post_response_proxy_depth_boundary_v1,pause_until_snapshot,10,0,10,0,42,True,0,none,2026-04-14T12:00:00,btcusdt_microprice_20260414_12_5h_5sessions_hs2.00_rq5000_qc0,matched_body_only_ex_worst_best_5pct,False,2,-1.40386337130000000000,-0.8257097000000000,0.57815367130000000000,2890.7683565000000000,-2.856367574881470790722625651,2.856367574881470790722625651,70,0.01922000,-73.04179871488033298647242456
event_driven_v2,market_data_before_private_actions_v1,post_response_proxy_depth_boundary_v1,pause_until_snapshot,10,0,10,0,42,True,0,none,2026-04-15T00:00:00,btcusdt_microprice_20260415_00_5h_5sessions_hs2.00_rq5000_qc0,full_strategy,True,2,-1.14429144860000000000,-0.77754770000000000000,0.36674374860000000000,1833.7187430000000000,-4.240277866865867553604429728,4.240277866865867553604429728,,0.02462000,-46.47812545085296506904955321
event_driven_v2,market_data_before_private_actions_v1,post_response_proxy_depth_boundary_v1,pause_until_snapshot,10,0,10,0,42,True,0,none,2026-04-15T00:00:00,btcusdt_microprice_20260415_00_5h_5sessions_hs2.00_rq5000_qc0,full_matched_lots,False,2,-0.35436145810000000000,-0.1203829000000000,0.23397855810000000000,1169.8927905000000000,-1.029007965324323451329107067,1.029007965324323451329107067,28,0.00785000,-45.14158701910828025477707006
event_driven_v2,market_data_before_private_actions_v1,post_response_proxy_depth_boundary_v1,pause_until_snapshot,10,0,10,0,42,True,0,none,2026-04-15T00:00:00,btcusdt_microprice_20260415_00_5h_5sessions_hs2.00_rq5000_qc0,matched_tail_excluded_worst_5pct,False,2,-0.11877951410000000000,0.0853371000000000,0.20411661410000000000,1020.5830705000000000,0.8361602545316765569451996901,0,27,0.00685000,-17.34007505109489051094890511
event_driven_v2,market_data_before_private_actions_v1,post_response_proxy_depth_boundary_v1,pause_until_snapshot,10,0,10,0,42,True,0,none,2026-04-15T00:00:00,btcusdt_microprice_20260415_00_5h_5sessions_hs2.00_rq5000_qc0,matched_body_only_ex_worst_best_5pct,False,2,-0.18221872760000000000,0.0024946000000000,0.18471332760000000000,923.5666380000000000,0.02701050359941650469188992078,0,26,0.00620000,-29.39011735483870967741935484
event_driven_v2,market_data_before_private_actions_v1,post_response_proxy_depth_boundary_v1,pause_until_snapshot,10,0,10,0,42,True,0,none,2026-04-15T05:00:00,btcusdt_microprice_20260415_05_5h_5sessions_hs2.00_rq5000_qc0,full_strategy,True,2,-0.54540119960000000000,-0.03636155000000000000,0.50903964960000000000,2545.1982480000000000,-0.1428633310924705618452083737,0.1428633310924705618452083737,,0.03443000,-15.84087132152192855068254429
event_driven_v2,market_data_before_private_actions_v1,post_response_proxy_depth_boundary_v1,pause_until_snapshot,10,0,10,0,42,True,0,none,2026-04-15T05:00:00,btcusdt_microprice_20260415_05_5h_5sessions_hs2.00_rq5000_qc0,full_matched_lots,False,2,-0.73514571868000000000,-0.5339462000000000,0.20119951868000000000,1005.9975934000000000,-5.307628999343886501985343616,5.307628999343886501985343616,27,0.00680000,-108.1096645117647058823529412
event_driven_v2,market_data_before_private_actions_v1,post_response_proxy_depth_boundary_v1,pause_until_snapshot,10,0,10,0,42,True,0,none,2026-04-15T05:00:00,btcusdt_microprice_20260415_05_5h_5sessions_hs2.00_rq5000_qc0,matched_tail_excluded_worst_5pct,False,2,-0.70660490162000000000,-0.5074715000000000,0.19913340162000000000,995.6670081000000000,-5.096799390474852472918852357,5.096799390474852472918852357,26,0.00673000,-104.9932989034175334323922734
event_driven_v2,market_data_before_private_actions_v1,post_response_proxy_depth_boundary_v1,pause_until_snapshot,10,0,10,0,42,True,0,none,2026-04-15T05:00:00,btcusdt_microprice_20260415_05_5h_5sessions_hs2.00_rq5000_qc0,matched_body_only_ex_worst_best_5pct,False,2,-0.74074148858000000000,-0.5478083000000000,0.19293318858000000000,964.6659429000000000,-5.678735774097783793544558025,5.678735774097783793544558025,25,0.00652000,-113.6106577576687116564417178
event_driven_v2,market_data_before_private_actions_v1,post_response_proxy_depth_boundary_v1,pause_until_snapshot,10,0,10,0,42,True,0,none,2026-04-15T12:00:00,btcusdt_microprice_20260415_12_5h_5sessions_hs2.00_rq5000_qc0,full_strategy,True,2,0.63637166592000000000,1.49989080000000000000,0.86351913408000000000,4317.5956704000000000,3.473902872107160245312441659,0,,0.05830000,10.91546596775300171526586621
event_driven_v2,market_data_before_private_actions_v1,post_response_proxy_depth_boundary_v1,pause_until_snapshot,10,0,10,0,42,True,0,none,2026-04-15T12:00:00,btcusdt_microprice_20260415_12_5h_5sessions_hs2.00_rq5000_qc0,full_matched_lots,False,2,0.74289681262000000000,1.4311697000000000,0.68827288738000000000,3441.3644369000000000,4.158727522881027770755714001,0,92,0.02323000,31.98006081015927679724494189
event_driven_v2,market_data_before_private_actions_v1,post_response_proxy_depth_boundary_v1,pause_until_snapshot,10,0,10,0,42,True,0,none,2026-04-15T12:00:00,btcusdt_microprice_20260415_12_5h_5sessions_hs2.00_rq5000_qc0,matched_tail_excluded_worst_5pct,False,2,1.17816557902000000000,1.8193933000000000,0.64122772098000000000,3206.1386049000000000,5.674718171009163784140553829,0,87,0.02164000,54.44388073105360443622920518
event_driven_v2,market_data_before_private_actions_v1,post_response_proxy_depth_boundary_v1,pause_until_snapshot,10,0,10,0,42,True,0,none,2026-04-15T12:00:00,btcusdt_microprice_20260415_12_5h_5sessions_hs2.00_rq5000_qc0,matched_body_only_ex_worst_best_5pct,False,2,0.29950736994000000000,0.8592679000000000,0.55976053006000000000,2798.8026503000000000,3.070126791211578266383493141,0,82,0.01889000,15.85533985918475383800952885
event_driven_v2,market_data_before_private_actions_v1,post_response_proxy_depth_boundary_v1,pause_until_snapshot,10,0,10,0,42,True,0,none,2026-04-16T12:00:00,btcusdt_microprice_20260416_12_5h_5sessions_hs2.00_rq5000_qc0,full_strategy,True,2,3.42264157584000000000,4.25714360000000000000,0.83450202416000000000,4172.5101208000000000,10.20283588715124105924972739,0,,0.05614000,60.96618410830067687923049519
event_driven_v2,market_data_before_private_actions_v1,post_response_proxy_depth_boundary_v1,pause_until_snapshot,10,0,10,0,42,True,0,none,2026-04-16T12:00:00,btcusdt_microprice_20260416_12_5h_5sessions_hs2.00_rq5000_qc0,full_matched_lots,False,2,1.13122840612000000000,1.6867158000000000,0.55548739388000000000,2777.4369694000000000,6.072921972966952039880196174,0,85,0.01867000,60.59070198821638993036957686
event_driven_v2,market_data_before_private_actions_v1,post_response_proxy_depth_boundary_v1,pause_until_snapshot,10,0,10,0,42,True,0,none,2026-04-16T12:00:00,btcusdt_microprice_20260416_12_5h_5sessions_hs2.00_rq5000_qc0,matched_tail_excluded_worst_5pct,False,2,1.29591660644000000000,1.8365928000000000,0.54067619356000000000,2703.3809678000000000,6.793688428954989108953066293,0,81,0.01817000,71.32177250632911392405063291
event_driven_v2,market_data_before_private_actions_v1,post_response_proxy_depth_boundary_v1,pause_until_snapshot,10,0,10,0,42,True,0,none,2026-04-16T12:00:00,btcusdt_microprice_20260416_12_5h_5sessions_hs2.00_rq5000_qc0,matched_body_only_ex_worst_best_5pct,False,2,0.77417663580000000000,1.2946060000000000,0.52042936420000000000,2602.1468210000000000,4.975145866298525820192372612,0,77,0.01749000,44.26395859348198970840480274
event_driven_v2,market_data_before_private_actions_v1,post_response_proxy_depth_boundary_v1,pause_until_snapshot,10,0,10,0,42,True,0,none,2026-04-16T17:00:00,btcusdt_microprice_20260416_17_5h_5sessions_hs2.00_rq5000_qc0,full_strategy,True,2,1.46996909410000000000,2.46211820000000000000,0.99214910590000000000,4960.7455295000000000,4.963201973087621970108152471,0,,0.06632000,22.16479333685162846803377563
event_driven_v2,market_data_before_private_actions_v1,post_response_proxy_depth_boundary_v1,pause_until_snapshot,10,0,10,0,42,True,0,none,2026-04-16T17:00:00,btcusdt_microprice_20260416_17_5h_5sessions_hs2.00_rq5000_qc0,full_matched_lots,False,2,1.74550238758000000000,2.5047203000000000,0.75921791242000000000,3796.0895621000000000,6.598159129349905492842270683,0,90,0.02537000,68.80182844225463145447378794
event_driven_v2,market_data_before_private_actions_v1,post_response_proxy_depth_boundary_v1,pause_until_snapshot,10,0,10,0,42,True,0,none,2026-04-16T17:00:00,btcusdt_microprice_20260416_17_5h_5sessions_hs2.00_rq5000_qc0,matched_tail_excluded_worst_5pct,False,2,2.05844698088000000000,2.7937042000000000,0.73525721912000000000,3676.2860956000000000,7.599256769878908441719809876,0,85,0.02457000,83.77887590069190069190069190
event_driven_v2,market_data_before_private_actions_v1,post_response_proxy_depth_boundary_v1,pause_until_snapshot,10,0,10,0,42,True,0,none,2026-04-16T17:00:00,btcusdt_microprice_20260416_17_5h_5sessions_hs2.00_rq5000_qc0,matched_body_only_ex_worst_best_5pct,False,2,1.19774983156000000000,1.8686992000000000,0.67094936844000000000,3354.7468422000000000,5.570313612023645293469590198,0,80,0.02243000,53.39945749264378065091395453
event_driven_v2,market_data_before_private_actions_v1,post_response_proxy_depth_boundary_v1,pause_until_snapshot,10,0,10,0,42,True,0,none,2026-04-17T05:00:00,btcusdt_microprice_20260417_05_5h_5sessions_hs2.00_rq5000_qc0,full_strategy,True,2,1.07931529286000000000,1.72327690000000000000,0.64396160714000000000,3219.8080357000000000,5.352110687634060307777372754,0,,0.04278000,25.22943648574100046750818139
event_driven_v2,market_data_before_private_actions_v1,post_response_proxy_depth_boundary_v1,pause_until_snapshot,10,0,10,0,42,True,0,none,2026-04-17T05:00:00,btcusdt_microprice_20260417_05_5h_5sessions_hs2.00_rq5000_qc0,full_matched_lots,False,2,0.74529859336000000000,1.2094364000000000,0.46413780664000000000,2320.6890332000000000,5.211540118894374926027034409,0,53,0.01542000,48.33324211154345006485084306
event_driven_v2,market_data_before_private_actions_v1,post_response_proxy_depth_boundary_v1,pause_until_snapshot,10,0,10,0,42,True,0,none,2026-04-17T05:00:00,btcusdt_microprice_20260417_05_5h_5sessions_hs2.00_rq5000_qc0,matched_tail_excluded_worst_5pct,False,2,0.98457146080000000000,1.4092680000000000,0.42469653920000000000,2123.4826960000000000,6.636588104318604722927301876,0,50,0.01410000,69.82776317730496453900709220
event_driven_v2,market_data_before_private_actions_v1,post_response_proxy_depth_boundary_v1,pause_until_snapshot,10,0,10,0,42,True,0,none,2026-04-17T05:00:00,btcusdt_microprice_20260417_05_5h_5sessions_hs2.00_rq5000_qc0,matched_body_only_ex_worst_best_5pct,False,2,0.41877674904000000000,0.8044668000000000,0.38569005096000000000,1928.4502548000000000,4.171571436689360850191011108,0,47,0.01281000,32.69139336768149882903981265
event_driven_v2,market_data_before_private_actions_v1,post_response_proxy_depth_boundary_v1,pause_until_snapshot,10,0,10,0,42,True,0,none,2026-04-17T12:00:00,btcusdt_microprice_20260417_12_5h_5sessions_hs2.00_rq5000_qc0,full_strategy,True,2,-3.93242645290000000000,-2.96995875000000000000,0.96246770290000000000,4812.3385145000000000,-6.171549946146250057197633577,6.171549946146250057197633577,,0.06243000,-62.98937134230337978535960276
event_driven_v2,market_data_before_private_actions_v1,post_response_proxy_depth_boundary_v1,pause_until_snapshot,10,0,10,0,42,True,0,none,2026-04-17T12:00:00,btcusdt_microprice_20260417_12_5h_5sessions_hs2.00_rq5000_qc0,full_matched_lots,False,2,1.56269870938000000000,2.2804613000000000,0.71776259062000000000,3588.8129531000000000,6.354360981756232504833019853,0,94,0.02329000,67.09741130871618720480893087
event_driven_v2,market_data_before_private_actions_v1,post_response_proxy_depth_boundary_v1,pause_until_snapshot,10,0,10,0,42,True,0,none,2026-04-17T12:00:00,btcusdt_microprice_20260417_12_5h_5sessions_hs2.00_rq5000_qc0,matched_tail_excluded_worst_5pct,False,2,2.31177374410000000000,2.9885553000000000,0.67678155590000000000,3383.9077795000000000,8.831668871430011144013802165,0,89,0.02196000,105.2720284198542805100182149
event_driven_v2,market_data_before_private_actions_v1,post_response_proxy_depth_boundary_v1,pause_until_snapshot,10,0,10,0,42,True,0,none,2026-04-17T12:00:00,btcusdt_microprice_20260417_12_5h_5sessions_hs2.00_rq5000_qc0,matched_body_only_ex_worst_best_5pct,False,2,1.55308243204000000000,2.1902756000000000,0.63719316796000000000,3185.9658398000000000,6.874761721040597329257026643,0,84,0.02067000,75.13703106144170295113691340
event_driven_v2,market_data_before_private_actions_v1,post_response_proxy_depth_boundary_v1,pause_until_snapshot,10,0,10,0,42,True,0,none,2026-04-18T13:00:00,btcusdt_microprice_20260418_13_5h_5sessions_hs2.00_rq5000_qc0,full_strategy,True,2,-0.26824253644000000000,-0.01817320000000000000,0.25006933644000000000,1250.3466822000000000,-0.1453452891003320486917032426,0.1453452891003320486917032426,,0.01644000,-16.31645598783454987834549878
event_driven_v2,market_data_before_private_actions_v1,post_response_proxy_depth_boundary_v1,pause_until_snapshot,10,0,10,0,42,True,0,none,2026-04-18T13:00:00,btcusdt_microprice_20260418_13_5h_5sessions_hs2.00_rq5000_qc0,full_matched_lots,False,2,-0.24331301788000000000,-0.0291750000000000,0.21413801788000000000,1070.6900894000000000,-0.2724878121954903751068567610,0.2724878121954903751068567610,27,0.00704000,-34.56150822159090909090909091
event_driven_v2,market_data_before_private_actions_v1,post_response_proxy_depth_boundary_v1,pause_until_snapshot,10,0,10,0,42,True,0,none,2026-04-18T13:00:00,btcusdt_microprice_20260418_13_5h_5sessions_hs2.00_rq5000_qc0,matched_tail_excluded_worst_5pct,False,2,-0.23334426230000000000,-0.0213343000000000,0.21200996230000000000,1060.0498115000000000,-0.2012575236423217834797001895,0.2012575236423217834797001895,26,0.00697000,-33.47837335724533715925394548
event_driven_v2,market_data_before_private_actions_v1,post_response_proxy_depth_boundary_v1,pause_until_snapshot,10,0,10,0,42,True,0,none,2026-04-18T13:00:00,btcusdt_microprice_20260418_13_5h_5sessions_hs2.00_rq5000_qc0,matched_body_only_ex_worst_best_5pct,False,2,-0.24407985094000000000,-0.0341975000000000,0.20988235094000000000,1049.4117547000000000,-0.3258730412237110040444642258,0.3258730412237110040444642258,25,0.00690000,-35.37389144057971014492753623
event_driven_v2,market_data_before_private_actions_v1,post_response_proxy_depth_boundary_v1,pause_until_snapshot,10,0,10,0,42,True,0,none,2026-04-18T19:00:00,btcusdt_microprice_20260418_19_5h_5sessions_hs2.00_rq5000_qc0,full_strategy,True,2,-0.19927154190000000000,-0.03604690000000000000,0.16322464190000000000,816.1232095000000000,-0.4416845346437853021260020911,0.4416845346437853021260020911,,0.01078000,-18.48530073283858998144712430
event_driven_v2,market_data_before_private_actions_v1,post_response_proxy_depth_boundary_v1,pause_until_snapshot,10,0,10,0,42,True,0,none,2026-04-18T19:00:00,btcusdt_microprice_20260418_19_5h_5sessions_hs2.00_rq5000_qc0,full_matched_lots,False,2,-0.00038750412000000000,0.0971024000000000,0.09748990412000000000,487.4495206000000000,1.992050374374704021403442119,0,20,0.00322000,-0.1203428944099378881987577640
event_driven_v2,market_data_before_private_actions_v1,post_response_proxy_depth_boundary_v1,pause_until_snapshot,10,0,10,0,42,True,0,none,2026-04-18T19:00:00,btcusdt_microprice_20260418_19_5h_5sessions_hs2.00_rq5000_qc0,matched_tail_excluded_worst_5pct,False,2,0.01053493524000000000,0.1059042000000000,0.09536926476000000000,476.8463238000000000,2.220929358457602100947558988,0,19,0.00315000,3.344423885714285714285714286
event_driven_v2,market_data_before_private_actions_v1,post_response_proxy_depth_boundary_v1,pause_until_snapshot,10,0,10,0,42,True,0,none,2026-04-18T19:00:00,btcusdt_microprice_20260418_19_5h_5sessions_hs2.00_rq5000_qc0,matched_body_only_ex_worst_best_5pct,False,2,-0.01924769484000000000,0.0676338000000000,0.08688149484000000000,434.4074742000000000,1.556920725743811338870375265,0,18,0.00287000,-6.706513881533101045296167247
event_driven_v2,market_data_before_private_actions_v1,post_response_proxy_depth_boundary_v1,pause_until_snapshot,10,0,10,0,42,True,0,none,2026-04-19T13:00:00,btcusdt_microprice_20260419_13_5h_5sessions_hs2.00_rq5000_qc0,full_strategy,True,2,-4.52735897490000000000,-3.99054300000000000000,0.53681597490000000000,2684.0798745000000000,-14.86745248497261142144151195,14.86745248497261142144151195,,0.03550000,-127.5312387295774647887323944
event_driven_v2,market_data_before_private_actions_v1,post_response_proxy_depth_boundary_v1,pause_until_snapshot,10,0,10,0,42,True,0,none,2026-04-19T13:00:00,btcusdt_microprice_20260419_13_5h_5sessions_hs2.00_rq5000_qc0,full_matched_lots,False,2,-2.31448489814000000000,-1.9735493000000000,0.34093559814000000000,1704.6779907000000000,-11.57725570909490126263293229,11.57725570909490126263293229,50,0.01128000,-205.1848313953900709219858156
event_driven_v2,market_data_before_private_actions_v1,post_response_proxy_depth_boundary_v1,pause_until_snapshot,10,0,10,0,42,True,0,none,2026-04-19T13:00:00,btcusdt_microprice_20260419_13_5h_5sessions_hs2.00_rq5000_qc0,matched_tail_excluded_worst_5pct,False,2,-1.52629592406000000000,-1.2262969000000000,0.29999902406000000000,1499.9951203000000000,-8.175339262135331627851829619,8.175339262135331627851829619,47,0.00993000,-153.7055311238670694864048338
event_driven_v2,market_data_before_private_actions_v1,post_response_proxy_depth_boundary_v1,pause_until_snapshot,10,0,10,0,42,True,0,none,2026-04-19T13:00:00,btcusdt_microprice_20260419_13_5h_5sessions_hs2.00_rq5000_qc0,matched_body_only_ex_worst_best_5pct,False,2,-1.63978585320000000000,-1.3546132000000000,0.28517265320000000000,1425.8632660000000000,-9.500302254087244295414789092,9.500302254087244295414789092,44,0.00944000,-173.7061285169491525423728814
event_driven_v2,market_data_before_private_actions_v1,post_response_proxy_depth_boundary_v1,pause_until_snapshot,10,0,10,0,42,True,0,none,2026-04-20T03:00:00,btcusdt_microprice_20260420_03_5h_5sessions_hs2.00_rq5000_qc0,full_strategy,True,2,-0.44500265376000000000,0.00492395000000000000,0.44992660376000000000,2249.6330188000000000,0.02188779218144004243755634905,0,,0.03015000,-14.75962367363184079601990050
event_driven_v2,market_data_before_private_actions_v1,post_response_proxy_depth_boundary_v1,pause_until_snapshot,10,0,10,0,42,True,0,none,2026-04-20T03:00:00,btcusdt_microprice_20260420_03_5h_5sessions_hs2.00_rq5000_qc0,full_matched_lots,False,2,-0.11721957424000000000,0.2278152000000000,0.34503477424000000000,1725.1738712000000000,1.320534722923526735593188597,0,40,0.01156000,-10.14010157785467128027681661
event_driven_v2,market_data_before_private_actions_v1,post_response_proxy_depth_boundary_v1,pause_until_snapshot,10,0,10,0,42,True,0,none,2026-04-20T03:00:00,btcusdt_microprice_20260420_03_5h_5sessions_hs2.00_rq5000_qc0,matched_tail_excluded_worst_5pct,False,2,-0.07404559048000000000,0.2674140000000000,0.34145959048000000000,1707.2979524000000000,1.566299541471880230669454881,0,38,0.01144000,-6.472516650349650349650349650
event_driven_v2,market_data_before_private_actions_v1,post_response_proxy_depth_boundary_v1,pause_until_snapshot,10,0,10,0,42,True,0,none,2026-04-20T03:00:00,btcusdt_microprice_20260420_03_5h_5sessions_hs2.00_rq5000_qc0,matched_body_only_ex_worst_best_5pct,False,2,-0.14148892124000000000,0.1954678000000000,0.33695672124000000000,1684.7836062000000000,1.160195287280092956070692801,0,36,0.01129000,-12.53223394508414526129317981
event_driven_v2,market_data_before_private_actions_v1,post_response_proxy_depth_boundary_v1,pause_until_snapshot,10,0,10,0,42,True,0,none,2026-04-20T13:00:00,btcusdt_microprice_20260420_13_5h_5sessions_hs2.00_rq5000_qc0,full_strategy,True,2,-0.06711928772000000000,0.60799480000000000000,0.67511408772000000000,3375.5704386000000000,1.801161643814378911713698523,0,,0.04484000,-1.496861902765388046387154326
event_driven_v2,market_data_before_private_actions_v1,post_response_proxy_depth_boundary_v1,pause_until_snapshot,10,0,10,0,42,True,0,none,2026-04-20T13:00:00,btcusdt_microprice_20260420_13_5h_5sessions_hs2.00_rq5000_qc0,full_matched_lots,False,2,-0.69004132294000000000,-0.1233947000000000,0.56664662294000000000,2833.2331147000000000,-0.4355261109993971792539277707,0.4355261109993971792539277707,69,0.01882000,-36.66532002869287991498405951
event_driven_v2,market_data_before_private_actions_v1,post_response_proxy_depth_boundary_v1,pause_until_snapshot,10,0,10,0,42,True,0,none,2026-04-20T13:00:00,btcusdt_microprice_20260420_13_5h_5sessions_hs2.00_rq5000_qc0,matched_tail_excluded_worst_5pct,False,2,-0.58764403952000000000,-0.0305950000000000,0.55704903952000000000,2785.2451976000000000,-0.1098467022808735422913919757,0.1098467022808735422913919757,66,0.01850000,-31.76454267675675675675675676
event_driven_v2,market_data_before_private_actions_v1,post_response_proxy_depth_boundary_v1,pause_until_snapshot,10,0,10,0,42,True,0,none,2026-04-20T13:00:00,btcusdt_microprice_20260420_13_5h_5sessions_hs2.00_rq5000_qc0,matched_body_only_ex_worst_best_5pct,False,2,-0.83580249812000000000,-0.2962304000000000,0.53957209812000000000,2697.8604906000000000,-1.098019712405954754375170507,1.098019712405954754375170507,63,0.01792000,-46.64076440401785714285714286
event_driven_v2,market_data_before_private_actions_v1,post_response_proxy_depth_boundary_v1,pause_until_snapshot,10,0,10,0,42,True,0,none,2026-05-06T18:00:00,btcusdt_microprice_20260506_18_5h_5sessions_hs2.00_rq5000_qc0,full_strategy,True,2,-0.30130870908000000000,-0.00141180000000000000,0.29989690908000000000,1499.4845454000000000,-0.009415235417604057955101082298,0.009415235417604057955101082298,,0.01842000,-16.35769321824104234527687296
event_driven_v2,market_data_before_private_actions_v1,post_response_proxy_depth_boundary_v1,pause_until_snapshot,10,0,10,0,42,True,0,none,2026-05-06T18:00:00,btcusdt_microprice_20260506_18_5h_5sessions_hs2.00_rq5000_qc0,full_matched_lots,False,2,-0.36588830708000000000,-0.1708738000000000,0.19501450708000000000,975.0725354000000000,-1.752421422985759137196594657,1.752421422985759137196594657,23,0.00599000,-61.08318982971619365609348915
event_driven_v2,market_data_before_private_actions_v1,post_response_proxy_depth_boundary_v1,pause_until_snapshot,10,0,10,0,42,True,0,none,2026-05-06T18:00:00,btcusdt_microprice_20260506_18_5h_5sessions_hs2.00_rq5000_qc0,matched_tail_excluded_worst_5pct,False,2,-0.34038225392000000000,-0.1476492000000000,0.19273305392000000000,963.6652696000000000,-1.532162719336004593933744066,1.532162719336004593933744066,22,0.00592000,-57.49700235135135135135135135
event_driven_v2,market_data_before_private_actions_v1,post_response_proxy_depth_boundary_v1,pause_until_snapshot,10,0,10,0,42,True,0,none,2026-05-06T18:00:00,btcusdt_microprice_20260506_18_5h_5sessions_hs2.00_rq5000_qc0,matched_body_only_ex_worst_best_5pct,False,2,-0.36284646408000000000,-0.1746776000000000,0.18816886408000000000,940.8443204000000000,-1.856604713580412660160221763,1.856604713580412660160221763,21,0.00578000,-62.77620485813148788927335640
event_driven_v2,market_data_before_private_actions_v1,post_response_proxy_depth_boundary_v1,pause_until_snapshot,10,0,10,0,42,True,0,none,2026-05-07T16:00:00,btcusdt_microprice_20260507_16_5h_5sessions_hs2.00_rq5000_qc0,full_strategy,True,2,-3.24969134178000000000,-2.53344430000000000000,0.71624704178000000000,3581.2352089000000000,-7.074219235039197874563262116,7.074219235039197874563262116,,0.04478000,-72.57015055337204108977221974
event_driven_v2,market_data_before_private_actions_v1,post_response_proxy_depth_boundary_v1,pause_until_snapshot,10,0,10,0,42,True,0,none,2026-05-07T16:00:00,btcusdt_microprice_20260507_16_5h_5sessions_hs2.00_rq5000_qc0,full_matched_lots,False,2,-0.90644421592000000000,-0.3836836000000000,0.52276061592000000000,2613.8030796000000000,-1.467913183646246707100252817,1.467913183646246707100252817,60,0.01634000,-55.47394222276621787025703794
event_driven_v2,market_data_before_private_actions_v1,post_response_proxy_depth_boundary_v1,pause_until_snapshot,10,0,10,0,42,True,0,none,2026-05-07T16:00:00,btcusdt_microprice_20260507_16_5h_5sessions_hs2.00_rq5000_qc0,matched_tail_excluded_worst_5pct,False,2,-0.71802941620000000000,-0.2064450000000000,0.51158441620000000000,2557.9220810000000000,-0.8070808783952164491284204994,0.8070808783952164491284204994,57,0.01599000,-44.90490407754846779237023139
event_driven_v2,market_data_before_private_actions_v1,post_response_proxy_depth_boundary_v1,pause_until_snapshot,10,0,10,0,42,True,0,none,2026-05-07T16:00:00,btcusdt_microprice_20260507_16_5h_5sessions_hs2.00_rq5000_qc0,matched_body_only_ex_worst_best_5pct,False,2,-0.87714273020000000000,-0.3875750000000000,0.48956773020000000000,2447.8386510000000000,-1.583335567651350072582868126,1.583335567651350072582868126,54,0.01530000,-57.32959020915032679738562092
event_driven_v2,market_data_before_private_actions_v1,post_response_proxy_depth_boundary_v1,pause_until_snapshot,10,0,10,0,42,True,0,none,2026-05-08T07:00:00,btcusdt_microprice_20260508_07_5h_5sessions_hs2.00_rq5000_qc0,full_strategy,True,2,-0.44307511896000000000,-0.15193880000000000000,0.29113631896000000000,1455.6815948000000000,-1.043763969694727639899126105,1.043763969694727639899126105,,0.01820000,-24.34478675604395604395604396
event_driven_v2,market_data_before_private_actions_v1,post_response_proxy_depth_boundary_v1,pause_until_snapshot,10,0,10,0,42,True,0,none,2026-05-08T07:00:00,btcusdt_microprice_20260508_07_5h_5sessions_hs2.00_rq5000_qc0,full_matched_lots,False,2,-0.29898509292000000000,-0.0629744000000000,0.23601069292000000000,1180.0534646000000000,-0.5336571764682398272414681914,0.5336571764682398272414681914,28,0.00738000,-40.51288521951219512195121951
event_driven_v2,market_data_before_private_actions_v1,post_response_proxy_depth_boundary_v1,pause_until_snapshot,10,0,10,0,42,True,0,none,2026-05-08T07:00:00,btcusdt_microprice_20260508_07_5h_5sessions_hs2.00_rq5000_qc0,matched_tail_excluded_worst_5pct,False,2,-0.27285321568000000000,-0.0390820000000000,0.23377121568000000000,1168.8560784000000000,-0.3343610964790273875004729581,0.3343610964790273875004729581,27,0.00731000,-37.32602129685362517099863201
event_driven_v2,market_data_before_private_actions_v1,post_response_proxy_depth_boundary_v1,pause_until_snapshot,10,0,10,0,42,True,0,none,2026-05-08T07:00:00,btcusdt_microprice_20260508_07_5h_5sessions_hs2.00_rq5000_qc0,matched_body_only_ex_worst_best_5pct,False,2,-0.43370140708000000000,-0.2248390000000000,0.20886240708000000000,1044.3120354000000000,-2.152986773860942137333142144,2.152986773860942137333142144,26,0.00653000,-66.41675452986217457886676876
event_driven_v2,market_data_before_private_actions_v1,post_response_proxy_depth_boundary_v1,pause_until_snapshot,10,0,10,0,42,True,0,none,2026-05-09T07:00:00,btcusdt_microprice_20260509_07_5h_5sessions_hs2.00_rq5000_qc0,full_strategy,True,2,-0.04893595298000000000,0.03795925000000000000,0.08689520298000000000,434.4760149000000000,0.8736788383758488574739502841,0,,0.00541000,-9.045462658040665434380776340
event_driven_v2,market_data_before_private_actions_v1,post_response_proxy_depth_boundary_v1,pause_until_snapshot,10,0,10,0,42,True,0,none,2026-05-09T07:00:00,btcusdt_microprice_20260509_07_5h_5sessions_hs2.00_rq5000_qc0,full_matched_lots,False,2,-0.02644203338000000000,-0.0017045000000000,0.02473753338000000000,123.6876669000000000,-0.1378067872666777579907605162,0.1378067872666777579907605162,7,0.00077000,-34.34030309090909090909090909
event_driven_v2,market_data_before_private_actions_v1,post_response_proxy_depth_boundary_v1,pause_until_snapshot,10,0,10,0,42,True,0,none,2026-05-09T07:00:00,btcusdt_microprice_20260509_07_5h_5sessions_hs2.00_rq5000_qc0,matched_tail_excluded_worst_5pct,False,2,-0.01890918288000000000,0.0035826000000000,0.02249178288000000000,112.4589144000000000,0.3185696766782945221103788283,0,6,0.00070000,-27.013118400000
event_driven_v2,market_data_before_private_actions_v1,post_response_proxy_depth_boundary_v1,pause_until_snapshot,10,0,10,0,42,True,0,none,2026-05-09T07:00:00,btcusdt_microprice_20260509_07_5h_5sessions_hs2.00_rq5000_qc0,matched_body_only_ex_worst_best_5pct,False,2,-0.01942878574000000000,0.0008169000000000,0.02024568574000000000,101.2284287000000000,0.08069867432408342815658068196,0,5,0.00063000,-30.83934244444444444444444444
event_driven_v2,market_data_before_private_actions_v1,post_response_proxy_depth_boundary_v1,pause_until_snapshot,10,0,10,0,42,True,0,none,2026-05-09T13:00:00,btcusdt_microprice_20260509_13_5h_5sessions_hs2.00_rq5000_qc0,full_strategy,True,2,-0.21410702216000000000,-0.01944720000000000000,0.19465982216000000000,973.2991108000000000,-0.1998070252423783473983627932,0.1998070252423783473983627932,,0.01208000,-17.72409123841059602649006623
event_driven_v2,market_data_before_private_actions_v1,post_response_proxy_depth_boundary_v1,pause_until_snapshot,10,0,10,0,42,True,0,none,2026-05-09T13:00:00,btcusdt_microprice_20260509_13_5h_5sessions_hs2.00_rq5000_qc0,full_matched_lots,False,2,0.02708087746000000000,0.1180649000000000,0.09098402254000000000,454.9201127000000000,2.595288638685857777419828728,0,14,0.00282000,9.603148035460992907801418440
event_driven_v2,market_data_before_private_actions_v1,post_response_proxy_depth_boundary_v1,pause_until_snapshot,10,0,10,0,42,True,0,none,2026-05-09T13:00:00,btcusdt_microprice_20260509_13_5h_5sessions_hs2.00_rq5000_qc0,matched_tail_excluded_worst_5pct,False,2,0.03814171846000000000,0.1275179000000000,0.08937618154000000000,446.8809077000000000,2.853509689109504106926069959,0,13,0.00277000,13.76957345126353790613718412
event_driven_v2,market_data_before_private_actions_v1,post_response_proxy_depth_boundary_v1,pause_until_snapshot,10,0,10,0,42,True,0,none,2026-05-09T13:00:00,btcusdt_microprice_20260509_13_5h_5sessions_hs2.00_rq5000_qc0,matched_body_only_ex_worst_best_5pct,False,2,0.02695919046000000000,0.1140779000000000,0.08711870954000000000,435.5935477000000000,2.618907020141795364798513061,0,12,0.00270000,9.984885355555555555555555556
event_driven_v2,market_data_before_private_actions_v1,post_response_proxy_depth_boundary_v1,pause_until_snapshot,10,0,10,0,42,True,1,proportional,2026-04-12T09:00:00,btcusdt_microprice_20260412_09_5h_5sessions_hs2.00_rq5000,full_strategy,True,2,-0.6039282579315732522605070252,-0.1823519802604592140157808290,0.4215762776711140382447261962,2107.881388355570191223630981,-0.8650960213786895405755085565,0.8650960213786895405755085565,,0.02956442228774890598269888963,-20.42753455669021811585292658
event_driven_v2,market_data_before_private_actions_v1,post_response_proxy_depth_boundary_v1,pause_until_snapshot,10,0,10,0,42,True,1,proportional,2026-04-12T09:00:00,btcusdt_microprice_20260412_09_5h_5sessions_hs2.00_rq5000,full_matched_lots,False,2,-0.4803489493461186716983650295,-0.1341919396769685118519409896,0.3461570096691501598464240399,1730.785048345750799232120200,-0.7753241213010618658381352311,0.7753241213010618658381352311,43,0.01213691508993869400574114312,-39.57751585032675800468708551
event_driven_v2,market_data_before_private_actions_v1,post_response_proxy_depth_boundary_v1,pause_until_snapshot,10,0,10,0,42,True,1,proportional,2026-04-12T09:00:00,btcusdt_microprice_20260412_09_5h_5sessions_hs2.00_rq5000,matched_tail_excluded_worst_5pct,False,2,-0.3039360808461186716983650297,0.01363056032303148814805901013,0.3175666411691501598464240399,1587.833205845750799232120200,0.08584377926377502387547479705,0,41,0.01113691508993869400574114313,-27.29086810769532099412770320
event_driven_v2,market_data_before_private_actions_v1,post_response_proxy_depth_boundary_v1,pause_until_snapshot,10,0,10,0,42,True,1,proportional,2026-04-12T09:00:00,btcusdt_microprice_20260412_09_5h_5sessions_hs2.00_rq5000,matched_body_only_ex_worst_best_5pct,False,2,-0.3636502216461186716983650295,-0.06085263967696851185194098961,0.3027975819691501598464240399,1513.987909845750799232120200,-0.4019361005542530658581425532,0.4019361005542530658581425532,39,0.01061691508993869400574114313,-34.25196665561903091093751667
event_driven_v2,market_data_before_private_actions_v1,post_response_proxy_depth_boundary_v1,pause_until_snapshot,10,0,10,0,42,True,1,proportional,2026-04-12T15:00:00,btcusdt_microprice_20260412_15_5h_5sessions_hs2.00_rq5000,full_strategy,True,2,-0.1434721855835036913370873710,0.1125213140353412645124691000,0.2559934996188449558495564710,1279.967498094224779247782355,0.8790950879836951176408836600,0,,0.01804711785743922478233450420,-7.949866938136210164696339675
event_driven_v2,market_data_before_private_actions_v1,post_response_proxy_depth_boundary_v1,pause_until_snapshot,10,0,10,0,42,True,1,proportional,2026-04-12T15:00:00,btcusdt_microprice_20260412_15_5h_5sessions_hs2.00_rq5000,full_matched_lots,False,2,-0.1434974886069427358532795421,0.02929473538852869846901759450,0.1727922239954714343222971366,863.961119977357171611485683,0.3390746957374246133166804514,0,21,0.006095474149629554621531035676,-23.54164501143256090247248167
event_driven_v2,market_data_before_private_actions_v1,post_response_proxy_depth_boundary_v1,pause_until_snapshot,10,0,10,0,42,True,1,proportional,2026-04-12T15:00:00,btcusdt_microprice_20260412_15_5h_5sessions_hs2.00_rq5000,matched_tail_excluded_worst_5pct,False,2,-0.1120862700469427358532795421,0.05160193538852869846901759450,0.1636882054354714343222971366,818.441027177357171611485683,0.6304905750692101601697952782,0,20,0.005775474149629554621531035676,-19.40728451777973496972942521
event_driven_v2,market_data_before_private_actions_v1,post_response_proxy_depth_boundary_v1,pause_until_snapshot,10,0,10,0,42,True,1,proportional,2026-04-12T15:00:00,btcusdt_microprice_20260412_15_5h_5sessions_hs2.00_rq5000,matched_body_only_ex_worst_best_5pct,False,2,-0.1158355796964350756314772448,0.04659233196334988893747441833,0.1624279116597849645689516631,812.1395582989248228447583155,0.5736985901898478142299236760,0,19,0.005730948299259109243062071351,-20.21228837667409654809117948
event_driven_v2,market_data_before_private_actions_v1,post_response_proxy_depth_boundary_v1,pause_until_snapshot,10,0,10,0,42,True,1,proportional,2026-04-13T02:00:00,btcusdt_microprice_20260413_02_5h_5sessions_hs2.00_rq5000,full_strategy,True,2,-0.3536132570320134264066013252,-0.0935765181228427947838243700,0.2600367389091706316227769552,1300.183694545853158113884776,-0.7197176715520074687778762253,0.7197176715520074687778762253,,0.01830976758133150390576372248,-19.31282062763891895942820692
event_driven_v2,market_data_before_private_actions_v1,post_response_proxy_depth_boundary_v1,pause_until_snapshot,10,0,10,0,42,True,1,proportional,2026-04-13T02:00:00,btcusdt_microprice_20260413_02_5h_5sessions_hs2.00_rq5000,full_matched_lots,False,2,-0.05583961164461744966442953010,0.1134311997315436241610738256,0.1692708113761610738255033557,846.3540568808053691275167785,1.340233426062710856850357853,0,26,0.005960644295302013422818791946,-9.368049639974058027148995182
event_driven_v2,market_data_before_private_actions_v1,post_response_proxy_depth_boundary_v1,pause_until_snapshot,10,0,10,0,42,True,1,proportional,2026-04-13T02:00:00,btcusdt_microprice_20260413_02_5h_5sessions_hs2.00_rq5000,matched_tail_excluded_worst_5pct,False,2,-0.03432761164461744966442953010,0.1303911997315436241610738256,0.1647188113761610738255033557,823.5940568808053691275167785,1.583197433762134195835119469,0,25,0.005800644295302013422818791946,-5.917896339966863204272610292
event_driven_v2,market_data_before_private_actions_v1,post_response_proxy_depth_boundary_v1,pause_until_snapshot,10,0,10,0,42,True,1,proportional,2026-04-13T02:00:00,btcusdt_microprice_20260413_02_5h_5sessions_hs2.00_rq5000,matched_body_only_ex_worst_best_5pct,False,2,-0.07642399564461744966442953010,0.07919119973154362416107382557,0.1556151953761610738255033557,778.0759768808053691275167785,1.017782351397221499480966600,0,24,0.005480644295302013422818791946,-13.94434514024706838954906588
event_driven_v2,market_data_before_private_actions_v1,post_response_proxy_depth_boundary_v1,pause_until_snapshot,10,0,10,0,42,True,1,proportional,2026-04-13T07:00:00,btcusdt_microprice_20260413_07_5h_5sessions_hs2.00_rq5000,full_strategy,True,2,-0.5452287144905744789018811501,-0.2537286000453638887802590000,0.2915001144452105901216221501,1457.500572226052950608110750,-1.740847344285032094703469434,1.740847344285032094703469434,,0.02059996746314184036603965429,-26.46745512904892520597660932
event_driven_v2,market_data_before_private_actions_v1,post_response_proxy_depth_boundary_v1,pause_until_snapshot,10,0,10,0,42,True,1,proportional,2026-04-13T07:00:00,btcusdt_microprice_20260413_07_5h_5sessions_hs2.00_rq5000,full_matched_lots,False,2,-0.5372451638011184544992374174,-0.3578021685815963396034570412,0.1794429952195221148957803762,897.214976097610574478901881,-3.987920154184653532587284205,3.987920154184653532587284205,30,0.006339967463141840366039654296,-84.73941970908486730032180991
event_driven_v2,market_data_before_private_actions_v1,post_response_proxy_depth_boundary_v1,pause_until_snapshot,10,0,10,0,42,True,1,proportional,2026-04-13T07:00:00,btcusdt_microprice_20260413_07_5h_5sessions_hs2.00_rq5000,matched_tail_excluded_worst_5pct,False,2,-0.4077495574605795627859684799,-0.2475629856634468734112862227,0.1601865717971326893746822572,800.932858985663446873411286,-3.090933064938445808238567896,3.090933064938445808238567896,28,0.005660000000000000000000000000,-72.04055785522607116359867136
event_driven_v2,market_data_before_private_actions_v1,post_response_proxy_depth_boundary_v1,pause_until_snapshot,10,0,10,0,42,True,1,proportional,2026-04-13T07:00:00,btcusdt_microprice_20260413_07_5h_5sessions_hs2.00_rq5000,matched_body_only_ex_worst_best_5pct,False,2,-0.4543825394605795627859684799,-0.3179649856634468734112862227,0.1364175537971326893746822572,682.087768985663446873411286,-4.661643268230632398988311622,4.661643268230632398988311622,26,0.004820000000000000000000000000,-94.27023640260986779791877176
event_driven_v2,market_data_before_private_actions_v1,post_response_proxy_depth_boundary_v1,pause_until_snapshot,10,0,10,0,42,True,1,proportional,2026-04-13T12:00:00,btcusdt_microprice_20260413_12_5h_5sessions_hs2.00_rq5000,full_strategy,True,2,-11.84696232071502762687304328,-10.77888356469717566606036218,1.068078756017851960812681102,5340.39378008925980406340551,-20.18368683763431481043318234,20.18368683763431481043318234,,0.07451878843374162855087585399,-158.9795348222650278048420817
event_driven_v2,market_data_before_private_actions_v1,post_response_proxy_depth_boundary_v1,pause_until_snapshot,10,0,10,0,42,True,1,proportional,2026-04-13T12:00:00,btcusdt_microprice_20260413_12_5h_5sessions_hs2.00_rq5000,full_matched_lots,False,2,-3.213174836601662499879171717,-2.413329900334575307899985598,0.7998449362670871919791861184,3999.224681335435959895930592,-6.034494414874203126188372220,6.034494414874203126188372220,111,0.02791053316162417729307061496,-115.1240937604031266347974161
event_driven_v2,market_data_before_private_actions_v1,post_response_proxy_depth_boundary_v1,pause_until_snapshot,10,0,10,0,42,True,1,proportional,2026-04-13T12:00:00,btcusdt_microprice_20260413_12_5h_5sessions_hs2.00_rq5000,matched_tail_excluded_worst_5pct,False,2,-2.593826007819957642667381815,-1.828801811051134789611449620,0.7650241967688228530559321934,3825.120983844114265279660967,-4.781029982516401961642903999,4.781029982516401961642903999,105,0.02669480151698223720749207156,-97.16595967832397131390821964
event_driven_v2,market_data_before_private_actions_v1,post_response_proxy_depth_boundary_v1,pause_until_snapshot,10,0,10,0,42,True,1,proportional,2026-04-13T12:00:00,btcusdt_microprice_20260413_12_5h_5sessions_hs2.00_rq5000,matched_body_only_ex_worst_best_5pct,False,2,-2.836855055184019035819684058,-2.102776907627285911217116680,0.7340781475567331246025673764,3670.390737783665623012836882,-5.729027392045539943756181795,5.729027392045539943756181795,99,0.02561489006479805775058534193,-110.7502334777787064881312915
event_driven_v2,market_data_before_private_actions_v1,post_response_proxy_depth_boundary_v1,pause_until_snapshot,10,0,10,0,42,True,1,proportional,2026-04-14T02:00:00,btcusdt_microprice_20260414_02_5h_5sessions_hs2.00_rq5000,full_strategy,True,2,-0.8110620469178934409861498778,-0.3735593343476225203030807501,0.4375027125702709206830691277,2187.513562851354603415345638,-1.707689226213069813686266410,1.707689226213069813686266410,,0.02940289407306924056952424573,-27.58442910083341303221267415
event_driven_v2,market_data_before_private_actions_v1,post_response_proxy_depth_boundary_v1,pause_until_snapshot,10,0,10,0,42,True,1,proportional,2026-04-14T02:00:00,btcusdt_microprice_20260414_02_5h_5sessions_hs2.00_rq5000,full_matched_lots,False,2,-0.6166512068038383877421547309,-0.2375903401085798955866290228,0.3790608666952584921555257081,1895.304333476292460777628540,-1.253573560256684813945318516,1.253573560256684813945318516,45,0.01273653819291651426385634856,-48.41591941731795397410317552
event_driven_v2,market_data_before_private_actions_v1,post_response_proxy_depth_boundary_v1,pause_until_snapshot,10,0,10,0,42,True,1,proportional,2026-04-14T02:00:00,btcusdt_microprice_20260414_02_5h_5sessions_hs2.00_rq5000,matched_tail_excluded_worst_5pct,False,2,-0.3613391972638383877421547309,-0.0120426401085798955866290228,0.3492965571552584921555257081,1746.482785776292460777628540,-0.06895367195518662967212988947,0.06895367195518662967212988947,43,0.01173653819291651426385634856,-30.78754495784127582883893351
event_driven_v2,market_data_before_private_actions_v1,post_response_proxy_depth_boundary_v1,pause_until_snapshot,10,0,10,0,42,True,1,proportional,2026-04-14T02:00:00,btcusdt_microprice_20260414_02_5h_5sessions_hs2.00_rq5000,matched_body_only_ex_worst_best_5pct,False,2,-0.4830117833968113607151277039,-0.1647783536220934091001425363,0.3182334297747179516149851676,1591.167148873589758074925838,-1.035581671848506860213570107,1.035581671848506860213570107,41,0.01069356521994354129088337559,-45.16845163070520957527708507
event_driven_v2,market_data_before_private_actions_v1,post_response_proxy_depth_boundary_v1,pause_until_snapshot,10,0,10,0,42,True,1,proportional,2026-04-14T12:00:00,btcusdt_microprice_20260414_12_5h_5sessions_hs2.00_rq5000,full_strategy,True,2,0.140506114902250230408138972,1.466136156567866703627445999,1.325630041665616473219307027,6628.150208328082366096535135,2.211983902727050889987965873,0,,0.08816861929100601210909579897,1.593606841437553406746956039
event_driven_v2,market_data_before_private_actions_v1,post_response_proxy_depth_boundary_v1,pause_until_snapshot,10,0,10,0,42,True,1,proportional,2026-04-14T12:00:00,btcusdt_microprice_20260414_12_5h_5sessions_hs2.00_rq5000,full_matched_lots,False,2,-2.075408952581586502098300585,-1.150148600825175416907638528,0.9252603517564110851906620614,4626.301758782055425953310307,-2.486108042221546734900828573,2.486108042221546734900828573,106,0.03075300082292657635903293599,-67.48638822375846552480046162
event_driven_v2,market_data_before_private_actions_v1,post_response_proxy_depth_boundary_v1,pause_until_snapshot,10,0,10,0,42,True,1,proportional,2026-04-14T12:00:00,btcusdt_microprice_20260414_12_5h_5sessions_hs2.00_rq5000,matched_tail_excluded_worst_5pct,False,2,-0.9606266763797156618870432710,-0.0885443766984792374604917843,0.8720822996812364244265514908,4360.411498406182122132757454,-0.2030642675143022245779392734,0.2030642675143022245779392734,101,0.02898300082292657635903293599,-33.14448639216909740195191912
event_driven_v2,market_data_before_private_actions_v1,post_response_proxy_depth_boundary_v1,pause_until_snapshot,10,0,10,0,42,True,1,proportional,2026-04-14T12:00:00,btcusdt_microprice_20260414_12_5h_5sessions_hs2.00_rq5000,matched_body_only_ex_worst_best_5pct,False,2,-1.892814018829861344651528059,-1.070603411061931698357548693,0.8222106077679296462939793704,4111.053038839648231469896852,-2.604207245557968638268307150,2.604207245557968638268307150,96,0.02732283135419967143723882217,-69.27591047546854188444087114
event_driven_v2,market_data_before_private_actions_v1,post_response_proxy_depth_boundary_v1,pause_until_snapshot,10,0,10,0,42,True,1,proportional,2026-04-15T00:00:00,btcusdt_microprice_20260415_00_5h_5sessions_hs2.00_rq5000,full_strategy,True,2,-1.455462183085710809858808470,-1.019413802277847985858623210,0.4360483808078628240001852599,2180.241904039314120000926300,-4.675691263383156757806405310,4.675691263383156757806405310,,0.02926920434437457160005491546,-49.72674234533625231548239419
event_driven_v2,market_data_before_private_actions_v1,post_response_proxy_depth_boundary_v1,pause_until_snapshot,10,0,10,0,42,True,1,proportional,2026-04-15T00:00:00,btcusdt_microprice_20260415_00_5h_5sessions_hs2.00_rq5000,full_matched_lots,False,2,-1.038608826158567296237525369,-0.7224256095989649190819041770,0.3161832165596023771556211922,1580.916082798011885778105961,-4.569664496804709339626197824,4.569664496804709339626197824,43,0.01060721345957192698793004171,-97.91533187458661808441717341
event_driven_v2,market_data_before_private_actions_v1,post_response_proxy_depth_boundary_v1,pause_until_snapshot,10,0,10,0,42,True,1,proportional,2026-04-15T00:00:00,btcusdt_microprice_20260415_00_5h_5sessions_hs2.00_rq5000,matched_tail_excluded_worst_5pct,False,2,-0.7010203288194193373636381422,-0.4082723369413913908454690578,0.2927479918780279465181690844,1463.739959390139732590845422,-2.789240905273202429216428719,2.789240905273202429216428719,41,0.009819755101743198788831472243,-71.38877920641569807732342603
event_driven_v2,market_data_before_private_actions_v1,post_response_proxy_depth_boundary_v1,pause_until_snapshot,10,0,10,0,42,True,1,proportional,2026-04-15T00:00:00,btcusdt_microprice_20260415_00_5h_5sessions_hs2.00_rq5000,matched_body_only_ex_worst_best_5pct,False,2,-0.7603504745210314751267620700,-0.4884651141306160737001827527,0.2718853603904154014265793174,1359.426801952077007132896587,-3.593169661133660789073237899,3.593169661133660789073237899,39,0.009119792042202302596380550022,-83.37366367593371560515260344
event_driven_v2,market_data_before_private_actions_v1,post_response_proxy_depth_boundary_v1,pause_until_snapshot,10,0,10,0,42,True,1,proportional,2026-04-15T05:00:00,btcusdt_microprice_20260415_05_5h_5sessions_hs2.00_rq5000,full_strategy,True,2,-0.8623812668443486122449346337,-0.2651824033555720473719430401,0.5971988634887765648729915936,2985.994317443882824364957968,-0.8880874347496334216565532731,0.8880874347496334216565532731,,0.04039206486295309368966853061,-21.35026445838647529345740967
event_driven_v2,market_data_before_private_actions_v1,post_response_proxy_depth_boundary_v1,pause_until_snapshot,10,0,10,0,42,True,1,proportional,2026-04-15T05:00:00,btcusdt_microprice_20260415_05_5h_5sessions_hs2.00_rq5000,full_matched_lots,False,2,-0.9756107956153380075430546265,-0.7222383394633939200905652880,0.2533724561519440874524893380,1266.862280759720437262446690,-5.701001209304907293742135370,5.701001209304907293742135370,37,0.008564568734318366938376000928,-113.9124252346822321010639851
event_driven_v2,market_data_before_private_actions_v1,post_response_proxy_depth_boundary_v1,pause_until_snapshot,10,0,10,0,42,True,1,proportional,2026-04-15T05:00:00,btcusdt_microprice_20260415_05_5h_5sessions_hs2.00_rq5000,matched_tail_excluded_worst_5pct,False,2,-0.9247376978153380075430546265,-0.6755133394633939200905652880,0.2492243583519440874524893380,1246.121791759720437262446690,-5.420925498056354357705901592,5.420925498056354357705901592,35,0.008424568734318366938376000928,-109.7667699057782887183610029
event_driven_v2,market_data_before_private_actions_v1,post_response_proxy_depth_boundary_v1,pause_until_snapshot,10,0,10,0,42,True,1,proportional,2026-04-15T05:00:00,btcusdt_microprice_20260415_05_5h_5sessions_hs2.00_rq5000,matched_body_only_ex_worst_best_5pct,False,2,-0.973610492050722622927670011,-0.7291859163864708431674883648,0.2444245756642517797601816457,1222.122878321258898800908228,-5.966551558122374539553989446,5.966551558122374539553989446,33,0.008262261042010674630683693236,-117.8382632913990110876269892
event_driven_v2,market_data_before_private_actions_v1,post_response_proxy_depth_boundary_v1,pause_until_snapshot,10,0,10,0,42,True,1,proportional,2026-04-15T12:00:00,btcusdt_microprice_20260415_12_5h_5sessions_hs2.00_rq5000,full_strategy,True,2,0.1062368715375894162227755741,1.125117901690467916414592730,1.018881030152878500191817156,5094.40515076439250095908578,2.208536361741172182023157802,0,,0.06879576607102084719887959604,1.544235606416774183172561564
event_driven_v2,market_data_before_private_actions_v1,post_response_proxy_depth_boundary_v1,pause_until_snapshot,10,0,10,0,42,True,1,proportional,2026-04-15T12:00:00,btcusdt_microprice_20260415_12_5h_5sessions_hs2.00_rq5000,full_matched_lots,False,2,0.1854481303334920238934235758,1.049914140818502244683949861,0.8644660104850102207905262885,4322.330052425051103952631442,2.429046667154550158682097090,0,129,0.02918289434367432866330796026,6.354686007136563513017183722
event_driven_v2,market_data_before_private_actions_v1,post_response_proxy_depth_boundary_v1,pause_until_snapshot,10,0,10,0,42,True,1,proportional,2026-04-15T12:00:00,btcusdt_microprice_20260415_12_5h_5sessions_hs2.00_rq5000,matched_tail_excluded_worst_5pct,False,2,0.4558924946023349167868267648,1.291472837761818594599474707,0.8355803431594836778126479435,4177.901715797418389063239718,3.091199663406444325636404156,0,123,0.02820477726012601608816800654,16.16366229017679664152575418
event_driven_v2,market_data_before_private_actions_v1,post_response_proxy_depth_boundary_v1,pause_until_snapshot,10,0,10,0,42,True,1,proportional,2026-04-15T12:00:00,btcusdt_microprice_20260415_12_5h_5sessions_hs2.00_rq5000,matched_body_only_ex_worst_best_5pct,False,2,-0.2051993383314863853398506118,0.5691012331870823452229220194,0.7743005715185687305627726329,3871.502857592843652813863164,1.469974979021269030700154586,0,117,0.02613477726012601608816800654,-7.851581679426066006987570240
event_driven_v2,market_data_before_private_actions_v1,post_response_proxy_depth_boundary_v1,pause_until_snapshot,10,0,10,0,42,True,1,proportional,2026-04-16T12:00:00,btcusdt_microprice_20260416_12_5h_5sessions_hs2.00_rq5000,full_strategy,True,2,2.490209795722072226947987104,3.452432075299918126822918709,0.9622222795778458998749316054,4811.111397889229499374658027,7.175955386970664660321599812,0,,0.06474076449743927219287798476,38.46432483540673810140420987
event_driven_v2,market_data_before_private_actions_v1,post_response_proxy_depth_boundary_v1,pause_until_snapshot,10,0,10,0,42,True,1,proportional,2026-04-16T12:00:00,btcusdt_microprice_20260416_12_5h_5sessions_hs2.00_rq5000,full_matched_lots,False,2,1.157047827482838470274793152,1.888462314975011491308819880,0.7314144874921730210340267322,3657.072437460865105170133661,5.163863574674463136334542884,0,114,0.02460659960912846549371575251,47.02184966075528526891211605
event_driven_v2,market_data_before_private_actions_v1,post_response_proxy_depth_boundary_v1,pause_until_snapshot,10,0,10,0,42,True,1,proportional,2026-04-16T12:00:00,btcusdt_microprice_20260416_12_5h_5sessions_hs2.00_rq5000,matched_tail_excluded_worst_5pct,False,2,1.682725180203917121960186404,2.369989768757783026889344223,0.6872645885538659049291578186,3436.322942769329524645789093,6.896877296543643346779246371,0,108,0.02311322133197490744128129559,72.80357662114495040571630603
event_driven_v2,market_data_before_private_actions_v1,post_response_proxy_depth_boundary_v1,pause_until_snapshot,10,0,10,0,42,True,1,proportional,2026-04-16T12:00:00,btcusdt_microprice_20260416_12_5h_5sessions_hs2.00_rq5000,matched_body_only_ex_worst_best_5pct,False,2,0.9429476800468941710343366946,1.586187454583594913586155151,0.6432397745367007425518184564,3216.198872683503712759092282,4.931869941425997030214714769,0,102,0.02162322133197490744128129559,43.60810378666980061688502642
event_driven_v2,market_data_before_private_actions_v1,post_response_proxy_depth_boundary_v1,pause_until_snapshot,10,0,10,0,42,True,1,proportional,2026-04-16T17:00:00,btcusdt_microprice_20260416_17_5h_5sessions_hs2.00_rq5000,full_strategy,True,2,1.820118390875806037599255932,3.028558905603361276378533900,1.208440514727555238779277968,6042.20257363777619389638984,5.012342550077699953621177397,0,,0.08076981682896595175952624328,22.53463561431612494974079261
event_driven_v2,market_data_before_private_actions_v1,post_response_proxy_depth_boundary_v1,pause_until_snapshot,10,0,10,0,42,True,1,proportional,2026-04-16T17:00:00,btcusdt_microprice_20260416_17_5h_5sessions_hs2.00_rq5000,full_matched_lots,False,2,2.383145597151846671159953736,3.316310845098881310841241984,0.9331652479470346396812882494,4665.826239735173198406441247,7.107660411475398638504936567,0,119,0.03118485915200279498577700655,76.41995705466552233434010716
event_driven_v2,market_data_before_private_actions_v1,post_response_proxy_depth_boundary_v1,pause_until_snapshot,10,0,10,0,42,True,1,proportional,2026-04-16T17:00:00,btcusdt_microprice_20260416_17_5h_5sessions_hs2.00_rq5000,matched_tail_excluded_worst_5pct,False,2,2.789987847526656131320471299,3.683020856638568210044757502,0.8930330091119120787242862050,4465.165045559560393621431025,8.248342041244801642292807108,0,113,0.02983953780560833680884148822,93.49970048806447395634944615
event_driven_v2,market_data_before_private_actions_v1,post_response_proxy_depth_boundary_v1,pause_until_snapshot,10,0,10,0,42,True,1,proportional,2026-04-16T17:00:00,btcusdt_microprice_20260416_17_5h_5sessions_hs2.00_rq5000,matched_body_only_ex_worst_best_5pct,False,2,2.225651323494445395377998989,3.077889485116435464002009531,0.8522381616219900686240105433,4261.190808109950343120052716,7.223073604820883960469822515,0,107,0.02848222714809062507773623559,78.14175878601007891988498565
event_driven_v2,market_data_before_private_actions_v1,post_response_proxy_depth_boundary_v1,pause_until_snapshot,10,0,10,0,42,True,1,proportional,2026-04-17T05:00:00,btcusdt_microprice_20260417_05_5h_5sessions_hs2.00_rq5000,full_strategy,True,2,1.026252989188792451976357390,1.824767576429502673783500090,0.7985145872407102218071427001,3992.572936203551109035713500,4.570405113662453506198518266,0,,0.05304205493552936484692544408,19.34791158517830051566312780
event_driven_v2,market_data_before_private_actions_v1,post_response_proxy_depth_boundary_v1,pause_until_snapshot,10,0,10,0,42,True,1,proportional,2026-04-17T05:00:00,btcusdt_microprice_20260417_05_5h_5sessions_hs2.00_rq5000,full_matched_lots,False,2,0.4230558542185398042978432691,1.035161397074246307283784315,0.6121055428557065029859410450,3060.527714278532514929705225,3.382297086364624032002243788,0,74,0.02032217586568286729646762684,20.81744873259043855648996528
event_driven_v2,market_data_before_private_actions_v1,post_response_proxy_depth_boundary_v1,pause_until_snapshot,10,0,10,0,42,True,1,proportional,2026-04-17T05:00:00,btcusdt_microprice_20260417_05_5h_5sessions_hs2.00_rq5000,matched_tail_excluded_worst_5pct,False,2,0.6844719255077606998202313289,1.252955639507082128179306703,0.5684837139993214283590753734,2842.418569996607141795376867,4.408061686384837124833519051,0,70,0.01886229079105600162482583579,36.28784717030866399059229922
event_driven_v2,market_data_before_private_actions_v1,post_response_proxy_depth_boundary_v1,pause_until_snapshot,10,0,10,0,42,True,1,proportional,2026-04-17T05:00:00,btcusdt_microprice_20260417_05_5h_5sessions_hs2.00_rq5000,matched_body_only_ex_worst_best_5pct,False,2,0.4654842728543808938269108567,1.019129181320807691048988956,0.5536449084664267972220780990,2768.224542332133986110390495,3.681526428713136111900941773,0,66,0.01837315917640199891112162954,25.33501551830218820585608963
event_driven_v2,market_data_before_private_actions_v1,post_response_proxy_depth_boundary_v1,pause_until_snapshot,10,0,10,0,42,True,1,proportional,2026-04-17T12:00:00,btcusdt_microprice_20260417_12_5h_5sessions_hs2.00_rq5000,full_strategy,True,2,-3.245087522883821125213521038,-2.151133186875199172312125120,1.093954336008621952901395918,5469.77168004310976450697959,-3.932765959361296614258699741,3.932765959361296614258699741,,0.07103539193661412409276214223,-45.68268625559859242165051870
event_driven_v2,market_data_before_private_actions_v1,post_response_proxy_depth_boundary_v1,pause_until_snapshot,10,0,10,0,42,True,1,proportional,2026-04-17T12:00:00,btcusdt_microprice_20260417_12_5h_5sessions_hs2.00_rq5000,full_matched_lots,False,2,2.572754298937376350699168164,3.397557441138237858594505511,0.8248031422008615078953373455,4124.015711004307539476686728,8.238468714055510312950845220,0,118,0.02679510277908330205639643629,96.01583991481124946453534776
event_driven_v2,market_data_before_private_actions_v1,post_response_proxy_depth_boundary_v1,pause_until_snapshot,10,0,10,0,42,True,1,proportional,2026-04-17T12:00:00,btcusdt_microprice_20260417_12_5h_5sessions_hs2.00_rq5000,matched_tail_excluded_worst_5pct,False,2,3.042377902737031013074001151,3.825422422648795671839647709,0.7830445199117646587656465577,3915.222599558823293828232788,9.770638387405746682027114272,0,112,0.02544622779791648528525681542,119.5610574148101525487409509
event_driven_v2,market_data_before_private_actions_v1,post_response_proxy_depth_boundary_v1,pause_until_snapshot,10,0,10,0,42,True,1,proportional,2026-04-17T12:00:00,btcusdt_microprice_20260417_12_5h_5sessions_hs2.00_rq5000,matched_body_only_ex_worst_best_5pct,False,2,1.649207787628575552386333996,2.345251938280584984069745191,0.6960441506520094316834111947,3480.220753260047158417055974,6.738802232828775809818813735,0,106,0.02260563046976785044381658692,72.95562005378176772447723483
event_driven_v2,market_data_before_private_actions_v1,post_response_proxy_depth_boundary_v1,pause_until_snapshot,10,0,10,0,42,True,1,proportional,2026-04-18T13:00:00,btcusdt_microprice_20260418_13_5h_5sessions_hs2.00_rq5000,full_strategy,True,2,-0.3320250887434816705150396374,-0.0223828464747496215496186400,0.3096422422687320489654209974,1548.211211343660244827104987,-0.1445723058375479374285680562,0.1445723058375479374285680562,,0.02035094029668322455616249214,-16.31497532315962717622980782
event_driven_v2,market_data_before_private_actions_v1,post_response_proxy_depth_boundary_v1,pause_until_snapshot,10,0,10,0,42,True,1,proportional,2026-04-18T13:00:00,btcusdt_microprice_20260418_13_5h_5sessions_hs2.00_rq5000,full_matched_lots,False,2,-0.2807227916459403334457341090,-0.01558913253083450008965569906,0.2651336591151058333560784098,1325.668295575529166780392049,-0.1175945188013008378335722151,0.1175945188013008378335722151,37,0.008713923577037055324694422889,-32.21542961263757939442248763
event_driven_v2,market_data_before_private_actions_v1,post_response_proxy_depth_boundary_v1,pause_until_snapshot,10,0,10,0,42,True,1,proportional,2026-04-18T13:00:00,btcusdt_microprice_20260418_13_5h_5sessions_hs2.00_rq5000,matched_tail_excluded_worst_5pct,False,2,-0.2523376704956134086107205754,0.00689062901858287481431656129,0.2592282995141962834250371366,1296.141497570981417125185683,0.05316262947753911363735865332,0,35,0.008519999999999999999999999999,-29.61709747601096345196250885
event_driven_v2,market_data_before_private_actions_v1,post_response_proxy_depth_boundary_v1,pause_until_snapshot,10,0,10,0,42,True,1,proportional,2026-04-18T13:00:00,btcusdt_microprice_20260418_13_5h_5sessions_hs2.00_rq5000,matched_body_only_ex_worst_best_5pct,False,2,-0.2755833689156134086107205755,-0.02061447098141712518568343883,0.2549688979341962834250371366,1274.844489670981417125185683,-0.1617018479386251767177026891,0.1617018479386251767177026891,33,0.008379999999999999999999999998,-32.88584354601591988194756272
event_driven_v2,market_data_before_private_actions_v1,post_response_proxy_depth_boundary_v1,pause_until_snapshot,10,0,10,0,42,True,1,proportional,2026-04-18T19:00:00,btcusdt_microprice_20260418_19_5h_5sessions_hs2.00_rq5000,full_strategy,True,2,-0.1311394787670368862034532326,0.1023641419692587742443571700,0.2335036207362956604478104026,1167.518103681478302239052013,0.8767670637952326571755760960,0,,0.01542142124384080100637566779,-8.503721978245876789983047274
event_driven_v2,market_data_before_private_actions_v1,post_response_proxy_depth_boundary_v1,pause_until_snapshot,10,0,10,0,42,True,1,proportional,2026-04-18T19:00:00,btcusdt_microprice_20260418_19_5h_5sessions_hs2.00_rq5000,full_matched_lots,False,2,-0.1114672219354614362741267478,0.04842459916386653121825427895,0.1598918210993279674923810268,799.459105496639837461905134,0.6057170258106474463581651808,0,24,0.005281446432757677580682972568,-21.10543453476994797938705950
event_driven_v2,market_data_before_private_actions_v1,post_response_proxy_depth_boundary_v1,pause_until_snapshot,10,0,10,0,42,True,1,proportional,2026-04-18T19:00:00,btcusdt_microprice_20260418_19_5h_5sessions_hs2.00_rq5000,matched_tail_excluded_worst_5pct,False,2,-0.02814387343546143627412674843,0.1169020991638665312182542784,0.1450459725993279674923810269,725.2298629966398374619051345,1.611931680265187403939732936,0,23,0.004791446432757677580682972572,-5.873773990887228060996664168
event_driven_v2,market_data_before_private_actions_v1,post_response_proxy_depth_boundary_v1,pause_until_snapshot,10,0,10,0,42,True,1,proportional,2026-04-18T19:00:00,btcusdt_microprice_20260418_19_5h_5sessions_hs2.00_rq5000,matched_body_only_ex_worst_best_5pct,False,2,-0.05792650351546143627412674843,0.07863169916386653121825427839,0.1365582026793279674923810269,682.7910133966398374619051345,1.151621764508910199569566173,0,22,0.004511446432757677580682972572,-12.83989611288660311662415485
event_driven_v2,market_data_before_private_actions_v1,post_response_proxy_depth_boundary_v1,pause_until_snapshot,10,0,10,0,42,True,1,proportional,2026-04-19T13:00:00,btcusdt_microprice_20260419_13_5h_5sessions_hs2.00_rq5000,full_strategy,True,2,-4.776232874731402849078185255,-4.113756899726995524778575300,0.6624759750044073242996099553,3312.379875022036621498049776,-12.41933913059904548904096432,12.41933913059904548904096432,,0.04384244039776355466578282874,-108.9408534606810599098393708
event_driven_v2,market_data_before_private_actions_v1,post_response_proxy_depth_boundary_v1,pause_until_snapshot,10,0,10,0,42,True,1,proportional,2026-04-19T13:00:00,btcusdt_microprice_20260419_13_5h_5sessions_hs2.00_rq5000,full_matched_lots,False,2,-2.701353539107525888384917629,-2.288695271547396422107239528,0.4126582675601294662776781027,2063.291337800647331388390514,-11.09244840811970365217888475,11.09244840811970365217888475,59,0.01366529754062069752292568588,-197.6798186118987727976037296
event_driven_v2,market_data_before_private_actions_v1,post_response_proxy_depth_boundary_v1,pause_until_snapshot,10,0,10,0,42,True,1,proportional,2026-04-19T13:00:00,btcusdt_microprice_20260419_13_5h_5sessions_hs2.00_rq5000,matched_tail_excluded_worst_5pct,False,2,-2.069314727678292157156577237,-1.690152028343699849138429362,0.3791626993345923080181478755,1895.813496672961540090739378,-8.915180904186064840586876489,8.915180904186064840586876489,56,0.01255522052868384731114285954,-164.8170753313893877118186513
event_driven_v2,market_data_before_private_actions_v1,post_response_proxy_depth_boundary_v1,pause_until_snapshot,10,0,10,0,42,True,1,proportional,2026-04-19T13:00:00,btcusdt_microprice_20260419_13_5h_5sessions_hs2.00_rq5000,matched_body_only_ex_worst_best_5pct,False,2,-2.116125730219353724973768892,-1.754437861119241835339478472,0.3616878691001118896342904198,1808.439345500559448171452099,-9.701391785598590277685257968,9.701391785598590277685257968,53,0.01197529467280574984174314728,-176.7076124669219825769759651
event_driven_v2,market_data_before_private_actions_v1,post_response_proxy_depth_boundary_v1,pause_until_snapshot,10,0,10,0,42,True,1,proportional,2026-04-20T03:00:00,btcusdt_microprice_20260420_03_5h_5sessions_hs2.00_rq5000,full_strategy,True,2,-0.2091720878229500487296636428,0.3639384499704157192888768215,0.5731105377933657680185404643,2865.552688966828840092702322,1.270046268462204535213693541,0,,0.03840647136136199782147601906,-5.446271953881790774160584119
event_driven_v2,market_data_before_private_actions_v1,post_response_proxy_depth_boundary_v1,pause_until_snapshot,10,0,10,0,42,True,1,proportional,2026-04-20T03:00:00,btcusdt_microprice_20260420_03_5h_5sessions_hs2.00_rq5000,full_matched_lots,False,2,-0.2271492142370780492357157506,0.2610936544571377840375880008,0.4882428686942158332733037532,2441.214343471079166366518766,1.069523678473466808363474625,0,61,0.01635691260956614208059102795,-13.88704700324880286532752201
event_driven_v2,market_data_before_private_actions_v1,post_response_proxy_depth_boundary_v1,pause_until_snapshot,10,0,10,0,42,True,1,proportional,2026-04-20T03:00:00,btcusdt_microprice_20260420_03_5h_5sessions_hs2.00_rq5000,matched_tail_excluded_worst_5pct,False,2,-0.1015133890514541206793511886,0.3740960950654092890621784154,0.4756094841168634097415296042,2378.047420584317048707648021,1.573122940389006345735268247,0,58,0.01593460491725844977289872025,-6.370624786655802979894932162
event_driven_v2,market_data_before_private_actions_v1,post_response_proxy_depth_boundary_v1,pause_until_snapshot,10,0,10,0,42,True,1,proportional,2026-04-20T03:00:00,btcusdt_microprice_20260420_03_5h_5sessions_hs2.00_rq5000,matched_body_only_ex_worst_best_5pct,False,2,-0.3408143838114541206793511886,0.1159098950654092890621784154,0.4567242788768634097415296042,2283.621394384317048707648021,0.5075705427810617531853563904,0,55,0.01530460491725844977289872025,-22.26874758636402687891198186
event_driven_v2,market_data_before_private_actions_v1,post_response_proxy_depth_boundary_v1,pause_until_snapshot,10,0,10,0,42,True,1,proportional,2026-04-20T13:00:00,btcusdt_microprice_20260420_13_5h_5sessions_hs2.00_rq5000,full_strategy,True,2,-0.8340812343151951688505718275,-0.0493209996422859868525057340,0.7847602346729091819980660935,3923.801173364545909990330468,-0.1256969898910414401270638155,0.1256969898910414401270638155,,0.05211314814807465096718981374,-16.00519761241886824282325377
event_driven_v2,market_data_before_private_actions_v1,post_response_proxy_depth_boundary_v1,pause_until_snapshot,10,0,10,0,42,True,1,proportional,2026-04-20T13:00:00,btcusdt_microprice_20260420_13_5h_5sessions_hs2.00_rq5000,full_matched_lots,False,2,-0.3733973542786249376473847334,0.3100367636398276406755527336,0.6834341179184525783229374682,3417.170589592262891614687341,0.9072908580686961132042537588,0,88,0.02269266829562152697628069067,-16.45453718418255312999548522
event_driven_v2,market_data_before_private_actions_v1,post_response_proxy_depth_boundary_v1,pause_until_snapshot,10,0,10,0,42,True,1,proportional,2026-04-20T13:00:00,btcusdt_microprice_20260420_13_5h_5sessions_hs2.00_rq5000,matched_tail_excluded_worst_5pct,False,2,0.2477976820613750623526152664,0.8729170636398276406755527361,0.6251193815784525783229374682,3125.596907892262891614687341,2.792801149232249217105057345,0,84,0.02076266829562152697628069067,11.93477054746528572336590056
event_driven_v2,market_data_before_private_actions_v1,post_response_proxy_depth_boundary_v1,pause_until_snapshot,10,0,10,0,42,True,1,proportional,2026-04-20T13:00:00,btcusdt_microprice_20260420_13_5h_5sessions_hs2.00_rq5000,matched_body_only_ex_worst_best_5pct,False,2,-0.1125775023513556702829698882,0.4869101535541949099429171534,0.5994876559055505802258870402,2997.438279527752901129435201,1.624420949314451665736213297,0,80,0.01991261834319526627218934910,-5.653576059716262777630345338
event_driven_v2,market_data_before_private_actions_v1,post_response_proxy_depth_boundary_v1,pause_until_snapshot,10,0,10,0,42,True,1,proportional,2026-05-06T18:00:00,btcusdt_microprice_20260506_18_5h_5sessions_hs2.00_rq5000,full_strategy,True,2,-0.4898710301889578838687510935,-0.1167861123537660352733120600,0.3730849178351918485954390335,1865.424589175959242977195168,-0.6260564647395134830275236218,0.6260564647395134830275236218,,0.02291345054219756117654998487,-21.37919076338189107423220142
event_driven_v2,market_data_before_private_actions_v1,post_response_proxy_depth_boundary_v1,pause_until_snapshot,10,0,10,0,42,True,1,proportional,2026-05-06T18:00:00,btcusdt_microprice_20260506_18_5h_5sessions_hs2.00_rq5000,full_matched_lots,False,2,-0.5217881060091114366379418556,-0.2223038632107284634470331044,0.2994842427983829731909087513,1497.421213991914865954543756,-1.484578027434896248787270886,1.484578027434896248787270886,35,0.009197346988487740061118194613,-56.73245846462357519559758027
event_driven_v2,market_data_before_private_actions_v1,post_response_proxy_depth_boundary_v1,pause_until_snapshot,10,0,10,0,42,True,1,proportional,2026-05-06T18:00:00,btcusdt_microprice_20260506_18_5h_5sessions_hs2.00_rq5000,matched_tail_excluded_worst_5pct,False,2,-0.2628076284505765778018236538,0.0135381803154876860302901346,0.2763458087660642638321137885,1381.729043830321319160568942,0.09797999380513997243616826195,0,33,0.008487508318638369742573458413,-30.96404958725721338819128157
event_driven_v2,market_data_before_private_actions_v1,post_response_proxy_depth_boundary_v1,pause_until_snapshot,10,0,10,0,42,True,1,proportional,2026-05-06T18:00:00,btcusdt_microprice_20260506_18_5h_5sessions_hs2.00_rq5000,matched_body_only_ex_worst_best_5pct,False,2,-0.3715687101305765778018236538,-0.1232542196845123139697098654,0.2483144904460642638321137885,1241.572452230321319160568942,-0.9927267592245812835951168399,0.9927267592245812835951168399,31,0.007627508318638369742573458413,-48.71429759343840864854413551
event_driven_v2,market_data_before_private_actions_v1,post_response_proxy_depth_boundary_v1,pause_until_snapshot,10,0,10,0,42,True,1,proportional,2026-05-07T16:00:00,btcusdt_microprice_20260507_16_5h_5sessions_hs2.00_rq5000,full_strategy,True,2,-2.351358915537523440288161155,-1.413531381065605247144802018,0.9378275344719181931433591374,4689.137672359590965716795687,-3.014480443595743617911210708,3.014480443595743617911210708,,0.05864954815859297111114760169,-40.09167997644695907948231440
event_driven_v2,market_data_before_private_actions_v1,post_response_proxy_depth_boundary_v1,pause_until_snapshot,10,0,10,0,42,True,1,proportional,2026-05-07T16:00:00,btcusdt_microprice_20260507_16_5h_5sessions_hs2.00_rq5000,full_matched_lots,False,2,-0.9068585925139024243516810249,-0.1094928033202137854518671162,0.7973657891936886388998139104,3986.828945968443194499069552,-0.2746363207554589926658574856,0.2746363207554589926658574856,98,0.02493870518741520409772874220,-36.36349945591921281048609720
event_driven_v2,market_data_before_private_actions_v1,post_response_proxy_depth_boundary_v1,pause_until_snapshot,10,0,10,0,42,True,1,proportional,2026-05-07T16:00:00,btcusdt_microprice_20260507_16_5h_5sessions_hs2.00_rq5000,matched_tail_excluded_worst_5pct,False,2,-0.7806241973812553873075285017,-0.00142231557980437214795296097,0.7792018818014510151595755424,3896.009409007255075797877712,-0.003650698523766638928315915283,0.003650698523766638928315915283,93,0.02437095670956557298346027192,-32.03092134150241510576037212
event_driven_v2,market_data_before_private_actions_v1,post_response_proxy_depth_boundary_v1,pause_until_snapshot,10,0,10,0,42,True,1,proportional,2026-05-07T16:00:00,btcusdt_microprice_20260507_16_5h_5sessions_hs2.00_rq5000,matched_body_only_ex_worst_best_5pct,False,2,-0.9824269542840667332649418748,-0.2408973380517144845075035228,0.7415296162323522487574383537,3707.648081161761243787191768,-0.6497308611237754559836635553,0.6497308611237754559836635553,88,0.02319063220261185254659376764,-42.36309496441500960032219034
event_driven_v2,market_data_before_private_actions_v1,post_response_proxy_depth_boundary_v1,pause_until_snapshot,10,0,10,0,42,True,1,proportional,2026-05-08T07:00:00,btcusdt_microprice_20260508_07_5h_5sessions_hs2.00_rq5000,full_strategy,True,2,0.1648559982054122157354128439,0.5857310872024190143312927300,0.4208750889970067985958798861,2104.375444985033992979399430,2.783396321213891788305545546,0,,0.02631944103809595708152714935,6.263658789971722397117774295
event_driven_v2,market_data_before_private_actions_v1,post_response_proxy_depth_boundary_v1,pause_until_snapshot,10,0,10,0,42,True,1,proportional,2026-05-08T07:00:00,btcusdt_microprice_20260508_07_5h_5sessions_hs2.00_rq5000,full_matched_lots,False,2,0.0691422427352471328183030873,0.3430714671130485516732703689,0.2739292243778014188549672818,1369.646121889007094274836409,2.504818300364232753402922769,0,40,0.008568887475362749465241512740,8.068987127447383366739904468
event_driven_v2,market_data_before_private_actions_v1,post_response_proxy_depth_boundary_v1,pause_until_snapshot,10,0,10,0,42,True,1,proportional,2026-05-08T07:00:00,btcusdt_microprice_20260508_07_5h_5sessions_hs2.00_rq5000,matched_tail_excluded_worst_5pct,False,2,0.1754230767328769123156975899,0.4343665326905860002672751175,0.2589434559577090879515775278,1294.717279788545439757887639,3.354914153625316485833595319,0,38,0.008099999895885517584659855859,21.65717024539530654270802805
event_driven_v2,market_data_before_private_actions_v1,post_response_proxy_depth_boundary_v1,pause_until_snapshot,10,0,10,0,42,True,1,proportional,2026-05-08T07:00:00,btcusdt_microprice_20260508_07_5h_5sessions_hs2.00_rq5000,matched_body_only_ex_worst_best_5pct,False,2,-0.1735342848991180460129597052,0.0533925618527586074171878399,0.2269268467518766534301475453,1134.634233759383267150737726,0.4705706937455346134704584585,0,36,0.007099999895885517584659855859,-24.44144893575026076613581834
event_driven_v2,market_data_before_private_actions_v1,post_response_proxy_depth_boundary_v1,pause_until_snapshot,10,0,10,0,42,True,1,proportional,2026-05-09T07:00:00,btcusdt_microprice_20260509_07_5h_5sessions_hs2.00_rq5000,full_strategy,True,2,-0.03206567745994614896441557926,0.07538045000004268251571846004,0.1074461274599888314801340393,537.2306372999441574006701965,1.403130141253590005544291387,0,,0.006689999999999303426916059943,-4.793075853505155110918447529
event_driven_v2,market_data_before_private_actions_v1,post_response_proxy_depth_boundary_v1,pause_until_snapshot,10,0,10,0,42,True,1,proportional,2026-05-09T07:00:00,btcusdt_microprice_20260509_07_5h_5sessions_hs2.00_rq5000,full_matched_lots,False,2,-0.03047427389993147788143628374,-0.003489499999931464174271137983,0.02698477390000001370716514575,134.9238695000000685358257288,-0.2586273290903106215573948136,0.2586273290903106215573948136,10,0.0008399999999999999999999999995,-36.27889749991842604932890924
event_driven_v2,market_data_before_private_actions_v1,post_response_proxy_depth_boundary_v1,pause_until_snapshot,10,0,10,0,42,True,1,proportional,2026-05-09T07:00:00,btcusdt_microprice_20260509_07_5h_5sessions_hs2.00_rq5000,matched_tail_excluded_worst_5pct,False,2,-0.02294142339993147788143628374,0.001797600000068535825728862017,0.02473902340000001370716514575,123.6951170000000685358257288,0.1453250575823890307433542399,0,9,0.0007699999999999999999999999995,-29.79405636354737387199517371
event_driven_v2,market_data_before_private_actions_v1,post_response_proxy_depth_boundary_v1,pause_until_snapshot,10,0,10,0,42,True,1,proportional,2026-05-09T07:00:00,btcusdt_microprice_20260509_07_5h_5sessions_hs2.00_rq5000,matched_body_only_ex_worst_best_5pct,False,2,-0.02672979231993147788143628371,-0.00423919999993146417427113794,0.02249059232000001370716514577,112.4529616000000685358257288,-0.3769753983901711300628935262,0.3769753983901711300628935262,8,0.0007000000000000000000000000000,-38.18541759990211125919469101
event_driven_v2,market_data_before_private_actions_v1,post_response_proxy_depth_boundary_v1,pause_until_snapshot,10,0,10,0,42,True,1,proportional,2026-05-09T13:00:00,btcusdt_microprice_20260509_13_5h_5sessions_hs2.00_rq5000,full_strategy,True,2,-0.2018877122513243053951273809,0.0175546103918046342585648160,0.2194423226431289396536921969,1097.211613215644698268460984,0.1599929328159095185073248055,0,,0.01362175659241651840955713044,-14.82097487806520456659393790
event_driven_v2,market_data_before_private_actions_v1,post_response_proxy_depth_boundary_v1,pause_until_snapshot,10,0,10,0,42,True,1,proportional,2026-05-09T13:00:00,btcusdt_microprice_20260509_13_5h_5sessions_hs2.00_rq5000,full_matched_lots,False,2,0.01572106071275005709555021700,0.1263755937385625687473634115,0.1106545330258125116518131944,553.272665129062558259065972,2.284146709273677689707924144,0,21,0.003432465753424657534246575343,4.580107083971561511654092033
event_driven_v2,market_data_before_private_actions_v1,post_response_proxy_depth_boundary_v1,pause_until_snapshot,10,0,10,0,42,True,1,proportional,2026-05-09T13:00:00,btcusdt_microprice_20260509_13_5h_5sessions_hs2.00_rq5000,matched_tail_excluded_worst_5pct,False,2,0.02678190171275005709555021700,0.1358285937385625687473634115,0.1090466920258125116518131944,545.233460129062558259065972,2.491200626359403844179155688,0,20,0.003382465753424657534246575343,7.917863376926754284688019766
event_driven_v2,market_data_before_private_actions_v1,post_response_proxy_depth_boundary_v1,pause_until_snapshot,10,0,10,0,42,True,1,proportional,2026-05-09T13:00:00,btcusdt_microprice_20260509_13_5h_5sessions_hs2.00_rq5000,matched_body_only_ex_worst_best_5pct,False,2,0.0155993737127500570955502170,0.1223885937385625687473634115,0.1067892200258125116518131944,533.946100129062558259065972,2.292152591974722935579503928,0,19,0.003312465753424657534246575343,4.709293581864911161553144373
event_driven_v2,market_data_before_private_actions_v1,post_response_proxy_depth_boundary_v1,pause_until_snapshot,10,0,10,0,42,True,0,none,pooled,pooled,full_strategy,True,2,-18.57316984180000000000,-6.39457735000000000000,12.17859249180000000000,60892.9624590000000000,-1.050134053554308450598484948,1.050134053554308450598484948,,0.81085000,-22.90580235777270765246346427
event_driven_v2,market_data_before_private_actions_v1,post_response_proxy_depth_boundary_v1,pause_until_snapshot,10,0,10,0,42,True,0,none,pooled,pooled,full_matched_lots,False,2,-5.27723750038000000000,3.1792233000000000,8.45646080038000000000,42282.3040019000000000,0.7519039879797321929958809443,0,1082,0.28133000,-18.75817545366651263640564462
event_driven_v2,market_data_before_private_actions_v1,post_response_proxy_depth_boundary_v1,pause_until_snapshot,10,0,10,0,42,True,0,none,pooled,pooled,matched_tail_excluded_worst_5pct,False,2,1.18550865334000000000,9.2441013000000000,8.05859264666000000000,40292.9632333000000000,2.294222255751158030578561112,0,1028,0.26805000,4.422714617944413355717216937
event_driven_v2,market_data_before_private_actions_v1,post_response_proxy_depth_boundary_v1,pause_until_snapshot,10,0,10,0,42,True,0,none,pooled,pooled,matched_body_only_ex_worst_best_5pct,False,2,-5.96808428822000000000,1.6275881000000000,7.59567238822000000000,37978.3619411000000000,0.4285566877592558865234938704,0,974,0.25274000,-23.61353283302999129540238981
event_driven_v2,market_data_before_private_actions_v1,post_response_proxy_depth_boundary_v1,pause_until_snapshot,10,0,10,0,42,True,1,proportional,pooled,pooled,full_strategy,True,2,-23.47685169487036228708597518,-8.67910496008508691890654174,14.79774673478527536817943344,73988.7336739263768408971672,-1.173030612786876596334583715,1.173030612786876596334583715,,0.9849852582434021218697122735,-23.83472391935934934666314027
event_driven_v2,market_data_before_private_actions_v1,post_response_proxy_depth_boundary_v1,pause_until_snapshot,10,0,10,0,42,True,1,proportional,pooled,pooled,full_matched_lots,False,2,-7.483281913215275478835421523,3.541836683139035665402234522,11.02511859635431114423765606,55125.5929817715557211882803,0.6425031444668937968957256437,0,1489,0.3668841409792348733975711743,-20.39685305895742905631838200
event_driven_v2,market_data_before_private_actions_v1,post_response_proxy_depth_boundary_v1,pause_until_snapshot,10,0,10,0,42,True,1,proportional,pooled,pooled,matched_tail_excluded_worst_5pct,False,2,2.188233585399062458671889154,12.58954617807514059299078182,10.40131259267607813431889274,52006.5629633803906715944637,2.420761046435595632955046533,0,1415,0.3460364736962188538591015503,6.323707908664234322958030796
event_driven_v2,market_data_before_private_actions_v1,post_response_proxy_depth_boundary_v1,pause_until_snapshot,10,0,10,0,42,True,1,proportional,pooled,pooled,matched_body_only_ex_worst_best_5pct,False,2,-7.020969214527227502857859164,2.723547352238951040694376269,9.744516566766178543552235515,48722.58283383089271776117758,0.5589907582542679579421567521,0,1341,0.3242303179679991643405480553,-21.65426496364902580543322225
