window,horizon,horizon_ms,signal,n,alpha,beta,r2,t_stat,hac_lags,x_mean,y_mean_bps,x_std,y_std_bps,predicted_drift_1std_bps
2026-04-12 09:00,1s,1000,normalized_ofi,17997,-0.00853757634966781,0.10120179319197424,0.017460871219073026,4.487925405319447,12,0.008248769396878694,-0.007702786095076607,0.6846839359683374,0.5243791216669266,0.06929124208973461
2026-04-12 09:00,10s,10000,normalized_ofi,17988,-0.06125017838164382,0.22701111425985068,0.007944037441885099,5.199917067689626,12,0.008250296164347186,-0.059377269456401593,0.6848260978783485,1.7442421679960867,0.15546313555358945
2026-04-12 09:00,1m,60000,normalized_ofi,17938,-0.3523444434887188,0.20886064701430265,0.001149875006910328,3.1043426167836463,60,0.007829614714064119,-0.35070914509366663,0.6843966380900053,4.215403670281522,0.14294352464589202
2026-04-12 09:00,5m,300000,normalized_ofi,17698,-1.6298353993160855,0.1380007181509977,0.0001206703481085869,1.0056052026546756,300,0.007982544412332895,-1.6287338024545113,0.6800071292322614,8.542687693586338,0.09384147218185038
2026-04-12 09:00,1s,1000,raw_ofi,17997,-0.00790650174317772,0.02096507673146992,0.015701840011704382,4.653242123987179,12,0.009716904484080552,-0.007702786095076607,3.134181981521308,0.5243791216669266,0.06570836573298466
2026-04-12 09:00,10s,10000,raw_ofi,17988,-0.059855137459670596,0.04924282819241392,0.007832924170122713,5.934290002655254,12,0.009704316766733249,-0.059377269456401593,3.1349148898410713,1.7442421679960867,0.1543720753182841
2026-04-12 09:00,1m,60000,raw_ofi,17938,-0.35108954249124574,0.04876432796608785,0.0013153045706776334,3.9664596931014544,60,0.007800730850707866,-0.35070914509366663,3.1350905611092976,4.215403670281522,0.15288058432532017
2026-04-12 09:00,5m,300000,raw_ofi,17698,-1.6289888996195028,0.04001293281683345,0.00021158506304452818,1.350751298727419,300,0.00637536783817368,-1.6287338024545113,3.1055365664986616,8.542687693586338,0.12426162599553058
2026-04-12 15:00,1s,1000,normalized_ofi,17997,0.0028459698183363764,0.08315640435230508,0.019078840458275126,10.65247902391964,12,0.0031305669610012456,0.003106296510397363,0.5777615542403014,0.34783105464272634,0.04804457342362275
2026-04-12 15:00,10s,10000,normalized_ofi,17988,0.025260317728270587,0.2533113606061032,0.015133679121707377,9.948053436259721,12,0.0031383440130737118,0.02605529592027231,0.5779044366057119,1.1899766386542459,0.1463897591368964
2026-04-12 15:00,1m,60000,normalized_ofi,17938,0.15345969756396607,0.2991482638971378,0.0029660629314119946,5.3126205959384025,60,0.0031676057030496536,0.15440728131074405,0.5786968334080758,3.1786844111331867,0.17311615303679703
2026-04-12 15:00,5m,300000,normalized_ofi,17698,0.7497609090742718,0.2127334518504207,0.00036996672084388393,1.9934257074798958,300,0.003117212946388796,0.75042404454451,0.5816444873994694,6.4329781060725475,0.12373523955425765
2026-04-12 15:00,1s,1000,raw_ofi,17997,0.0027878493648261712,0.018523416756340286,0.01877511117262598,10.703708281336063,12,0.01719159859976655,0.003106296510397363,2.5729924640036397,0.34783105464272634,0.0476606117216623
2026-04-12 15:00,10s,10000,raw_ofi,17988,0.02510149531136068,0.055395239399976634,0.014353615778505469,9.925085556942737,12,0.017218097064709736,0.02605529592027231,2.5736331996446196,1.1899766386542459,0.14256702722204156
2026-04-12 15:00,1m,60000,raw_ofi,17938,0.15331367130165222,0.0630327956623127,0.002611731864843203,4.639361558774478,60,0.017349857286207974,0.15440728131074405,2.5771822785048024,3.1786844111331867,0.16244700394552666
2026-04-12 15:00,5m,300000,raw_ofi,17698,0.7497945924161169,0.03680792904536592,0.0002194039707684725,1.456103505614157,300,0.017100992767544284,0.75042404454451,2.5887668092097686,6.4329781060725475,0.0952871450283915
2026-04-13 02:00,1s,1000,normalized_ofi,17997,0.0005465169098991955,0.09065337714181707,0.030731202496957266,15.389547049880006,12,-0.028759584117958505,-0.002060636515587909,0.732361754201724,0.3787214180803834,0.06639106630789161
2026-04-13 02:00,10s,10000,normalized_ofi,17988,-0.009027806901956884,0.2408169020116647,0.01739012646431226,11.30713143159924,12,-0.028873925151637156,-0.01598113610589083,0.7324682077489528,1.3375941914713272,0.17639072461213923
2026-04-13 02:00,1m,60000,normalized_ofi,17938,-0.08585138760557247,0.30471218574450387,0.004089245844199785,5.459077181228379,60,-0.02859612242983499,-0.09456497457498492,0.733122144725447,3.4933697074694123,0.22339125113698946
2026-04-13 02:00,5m,300000,normalized_ofi,17698,-0.38911159469132195,0.20443087573464094,0.00041141239138742236,2.403849371482638,300,-0.029517716683618987,-0.3951459273626412,0.7365064819944093,7.423084057057124,0.15056466509835664
2026-04-13 02:00,1s,1000,raw_ofi,17997,0.00013858471821702085,0.017630605011408222,0.02763312432169096,12.035212392230386,12,-0.12473884091793114,-0.002060636515587909,3.5708174334523335,0.3787214180803834,0.06295567173704855
2026-04-13 02:00,10s,10000,raw_ofi,17988,-0.010006884712819648,0.047554388840801286,0.01611627967304996,10.667831143329655,12,-0.12562986379808797,-0.01598113610589083,3.570805271411612,1.3375941914713272,0.16980746235149077
2026-04-13 02:00,1m,60000,raw_ofi,17938,-0.08752553158376325,0.05675328341584021,0.0033701891810894447,5.159143172086228,60,-0.12403587189207299,-0.09456497457498492,3.5733923034679376,3.4933697074694123,0.20280174615469795
2026-04-13 02:00,5m,300000,raw_ofi,17698,-0.3908986293141883,0.033001732119312795,0.00025426655691918043,1.8789139764332756,300,-0.12869924624251353,-0.3951459273626412,3.586676974844084,7.423084057057124,0.11836655272231165
2026-04-13 07:00,1s,1000,normalized_ofi,17997,-0.002403936757301283,0.09537066626556588,0.030526121224807246,16.999850291753976,12,-0.001960109951131282,-0.002590873749294439,0.70248273218477,0.3834552230154824,0.06699624620851659
2026-04-13 07:00,10s,10000,normalized_ofi,17988,-0.011133861897974918,0.260310312557694,0.018378032460818816,11.900750604088943,12,-0.0019566913330724706,-0.011643208830465943,0.7026581109576161,1.3492298172232335,0.18290915248457587
2026-04-13 07:00,1m,60000,normalized_ofi,17938,-0.04666298758715282,0.34431302745782855,0.004941523732170161,5.745088398161242,60,-0.0015865090509059934,-0.04720924332155951,0.7032212450389568,3.4444112183173514,0.2421282358520267
2026-04-13 07:00,5m,300000,normalized_ofi,17698,-0.14584565470315905,0.27304482869081126,0.0006484217721310914,2.4363849787091856,300,-0.0007018701216211704,-0.1460372967102803,0.7034597305202244,7.543005121962628,0.1920760416107789
2026-04-13 07:00,1s,1000,raw_ofi,17997,-0.0015173774139691165,0.02167374663430706,0.02796184950862679,15.713385401304468,12,-0.0495297999666611,-0.002590873749294439,2.958445767631103,0.3834552230154824,0.06412060399897458
2026-04-13 07:00,10s,10000,raw_ofi,17988,-0.008776930664720293,0.057863509308080686,0.016105777179206138,11.722992097715984,12,-0.04953515955081163,-0.011643208830465943,2.959184232666912,1.3492298172232335,0.17122878439124747
2026-04-13 07:00,1m,60000,raw_ofi,17938,-0.04360241462869514,0.07485965927467991,0.004143359047854456,5.334256918809761,60,-0.048181206377522545,-0.04720924332155951,2.961716150410511,3.4444112183173514,0.2217130618880475
2026-04-13 07:00,5m,300000,raw_ofi,17698,-0.14290086113524922,0.07036566337872632,0.0007610468411446414,2.550625933537455,300,-0.044573381738049485,-0.1460372967102803,2.9572586452738774,7.543005121962628,0.2080894663571699
2026-04-13 12:00,1s,1000,normalized_ofi,17995,0.015629931886655967,0.1172694255384552,0.032054173870387115,15.071319414194456,12,-0.026582654403123577,0.012512599275514376,1.4335542191177708,0.9389806156828933,0.1681120797541697
2026-04-13 12:00,10s,10000,normalized_ofi,17986,0.10825784531476197,0.18905761387767483,0.007326568960571711,7.353190159004487,12,-0.02663124647266213,0.10322300540205222,1.4338524004356434,3.1670017194774482,0.2710807134791391
2026-04-13 12:00,1m,60000,normalized_ofi,17936,0.6244090187510863,0.28262316163662854,0.0024589214944261695,4.989631597201102,60,-0.027167297559148186,0.6167309112217968,1.4345045171883377,8.175933283828453,0.40542420202979335
2026-04-13 12:00,5m,300000,normalized_ofi,17696,3.031330215198027,0.24769647310314863,0.00041359750327851774,2.099480684826766,300,-0.02961322447687163,3.0239951239378944,1.4387909373983667,17.523811068678764,0.35638344072634853
2026-04-13 12:00,1s,1000,raw_ofi,17995,0.016006450753793526,0.023436629734780532,0.03075804188125353,16.079490215203354,12,-0.14907653181439262,0.012512599275514376,7.026528464228992,0.9389806156828933,0.16467814593703098
2026-04-13 12:00,10s,10000,raw_ofi,17986,0.10834165270030749,0.034283926895200593,0.005788013074980336,7.3208909751349625,12,-0.1493016629600798,0.10322300540205222,7.027850114231162,3.1670017194774482,0.2409422995467283
2026-04-13 12:00,1m,60000,raw_ofi,17936,0.6244902430253141,0.0509273566028641,0.00191618452442599,4.2557155853975095,60,-0.15236078055307736,0.6167309112217968,7.027564956438979,8.175933283828453,0.357895306586359
2026-04-13 12:00,5m,300000,raw_ofi,17696,3.030769743732928,0.04117625947998782,0.00027371171497303504,1.5772318796930245,300,-0.16452732425406866,3.0239951239378944,7.040903029890912,17.523811068678764,0.28991805013222066
2026-04-14 02:00,1s,1000,normalized_ofi,17997,0.003032124912915084,0.0843786865266309,0.022648715457237234,15.822335511892813,12,-0.01154032854363268,0.002058367148317571,0.6761048518287727,0.37907489677317696,0.057048839351594244
2026-04-14 02:00,10s,10000,normalized_ofi,17988,0.013129162856651418,0.21940099378522443,0.013518842826730992,11.720173547498765,12,-0.011438806450260039,0.01061947735374753,0.676093241295289,1.2757789302302727,0.14833552903165995
2026-04-14 02:00,1m,60000,normalized_ofi,17938,0.07149613321090131,0.25992462908763286,0.0031594875212311857,5.7993378447533015,60,-0.011226825712814551,0.06857800470166649,0.6765714315468513,3.128619633106852,0.1758575783961041
2026-04-14 02:00,5m,300000,normalized_ofi,17698,0.3556183732108756,0.252113335295266,0.0006439596125444869,2.943709303994287,300,-0.010899624867414933,0.3528704324320844,0.6744348999100606,6.70048961266205,0.17003403205585424
2026-04-14 02:00,1s,1000,raw_ofi,17997,0.002893256344296409,0.012193808744631896,0.017706217001218993,9.239285599474483,12,-0.06846828693671149,0.002058367148317571,4.1366477200187814,0.37907489677317696,0.05044149114182661
2026-04-14 02:00,10s,10000,raw_ofi,17988,0.012956073270365902,0.034397526414017304,0.01244041658520656,10.188116385599047,12,-0.06792918445630403,0.01061947735374753,4.136810950424343,1.2757789302302727,0.14229606393701738
2026-04-14 02:00,1m,60000,raw_ofi,17938,0.07135415116420267,0.041558565479870524,0.0030245235947877758,5.131848981482763,60,-0.06680082506410953,0.06857800470166649,4.140194142520428,3.128619633106852,0.17206052937131158
2026-04-14 02:00,5m,300000,raw_ofi,17698,0.35564008181608714,0.04268121814741717,0.0006905255022966461,2.915501084189131,300,-0.06489152616114796,0.3528704324320844,4.125338534597676,6.70048961266205,0.17607447392710968
2026-04-14 12:00,1s,1000,normalized_ofi,17994,-0.009097507340264162,0.10884315776339101,0.03323928158145184,16.721311239887534,12,0.11185904639247045,0.003077584493493974,1.6248076404651153,0.9700123673072764,0.17684919434630764
2026-04-14 12:00,10s,10000,normalized_ofi,17985,0.003936584114319506,0.15314618321772336,0.005788911486242387,6.582850873406496,12,0.11130204331388044,0.02098206723217402,1.6248948702188668,3.270641858228364,0.2488464475040774
2026-04-14 12:00,1m,60000,normalized_ofi,17935,0.07101164615025993,0.2161483034399714,0.0017160598390129067,3.9729949520833254,60,0.1109336154143761,0.09498975891653959,1.623372205619488,8.470396169844895,0.3508891480962567
2026-04-14 12:00,5m,300000,normalized_ofi,17695,0.6949907450286142,0.21368876387727462,0.00038314922766113924,1.4359732711020106,300,0.11155099069579102,0.7188279383396832,1.6245003146550365,17.734441227703204,0.3471374641568784
2026-04-14 12:00,1s,1000,raw_ofi,17994,-0.004061499031501324,0.018629336025173606,0.03195760356138999,15.815308852750325,12,0.38321728242747544,0.003077584493493974,9.308227678505132,0.9700123673072764,0.17340610122169373
2026-04-14 12:00,10s,10000,raw_ofi,17985,0.010187137517584415,0.028398150606125477,0.006533293807397977,6.629119446129121,12,0.3801279127050316,0.02098206723217402,9.309128541505697,3.270641858228364,0.26436203433345995
2026-04-14 12:00,1m,60000,raw_ofi,17935,0.07788367494526126,0.045111440611213166,0.002451881867140293,4.321007944894286,60,0.3791961360468355,0.09498975891653959,9.297513076825851,8.470396169844895,0.41942420899720717
2026-04-14 12:00,5m,300000,raw_ofi,17695,0.6966439379829951,0.05815823193110002,0.0009337858433801083,2.1328544836718004,300,0.381442138457191,0.7188279383396832,9.318155574617457,17.734441227703204,0.5419274530786746
2026-04-15 00:00,1s,1000,normalized_ofi,17993,0.002706499369047605,0.08616093552821955,0.020754995616893424,10.274225889901018,12,-0.012966334161669639,0.0015893078873066367,0.88148497524562,0.5271861559880067,0.07594957012123206
2026-04-15 00:00,10s,10000,normalized_ofi,17984,0.01739258935484652,0.24719489097740407,0.015523622144225202,10.732302139716795,12,-0.01291527174848553,0.014200000163036094,0.8816836266869965,1.7492655157147106,0.21794768797545433
2026-04-15 00:00,1m,60000,normalized_ofi,17934,0.07577908518192478,0.27666348474822805,0.0030420948982210483,5.01061220350004,60,-0.012954346537347929,0.07219509052626596,0.882713021672328,4.427769427457596,0.2442144606085044
2026-04-15 00:00,5m,300000,normalized_ofi,17694,0.06524973637159769,0.5047251712970435,0.001976065713456321,2.9048411520712105,300,-0.01214575106885233,0.059119470082839944,0.8873149131122978,10.074698392251797,0.4478501715150258
2026-04-15 00:00,1s,1000,raw_ofi,17993,0.003249564750657012,0.016201862439185106,0.014717215637543246,6.7000198363732375,12,-0.10247321069304674,0.0015893078873066367,3.947406784264451,0.5271861559880067,0.06395534171015868
2026-04-15 00:00,10s,10000,raw_ofi,17984,0.019258824256347683,0.04945874607079331,0.012462206013432064,7.928267852044032,12,-0.1022837110765119,0.014200000163036094,3.94829956875067,1.7492655157147106,0.19527794578226212
2026-04-15 00:00,1m,60000,raw_ofi,17934,0.07720312109782577,0.04872724013640727,0.001892321956820875,3.7816379672386424,60,-0.10277681554588988,0.07219509052626596,3.9528533051696892,4.427769427457596,0.19261163222499464
2026-04-15 00:00,5m,300000,raw_ofi,17694,0.06808619699786507,0.08955703817299653,0.0012482592747995458,2.5111569759321393,300,-0.10012308466146659,0.059119470082839944,3.974520415323507,10.074698392251797,0.35594627655448136
2026-04-15 05:00,1s,1000,normalized_ofi,17997,-0.0005169198027565749,0.10657676664798088,0.03331689238004887,11.548219721895665,12,-0.01914433340060412,-0.0025572609562239065,0.8175071427844337,0.47733343228367486,0.08712726798959418
2026-04-15 05:00,10s,10000,normalized_ofi,17988,-0.02086568870707719,0.27444285507573185,0.019129290190389003,10.716184214100394,12,-0.019041947265933796,-0.02609161508094159,0.8176167604636734,1.6223788892522257,0.22438907809942127
2026-04-15 05:00,1m,60000,normalized_ofi,17938,-0.1482461419002398,0.38210890551694254,0.00533643687705343,6.295024334267772,60,-0.019019080097810594,-0.15551350178035325,0.8186421434948157,4.28208781641517,0.31281045346084785
2026-04-15 05:00,5m,300000,normalized_ofi,17698,-0.9004031560545935,0.2814662796467286,0.0005925218547777611,1.8529014131955295,300,-0.020004162908405145,-0.9060336533658695,0.822323776829148,9.508609971037838,0.23145641412914703
2026-04-15 05:00,1s,1000,raw_ofi,17997,-0.0007378613747324204,0.02288258480215928,0.028318177750105922,8.888235220926848,12,-0.07951023003833907,-0.0025572609562239065,3.510341953206954,0.47733343228367486,0.08032569742883558
2026-04-15 05:00,10s,10000,raw_ofi,17988,-0.021282282426824627,0.060728581005980345,0.017272166288947455,8.780053014191529,12,-0.07919389148321036,-0.02609161508094159,3.5110139772628375,1.6223788892522257,0.21321889673133546
2026-04-15 05:00,1m,60000,raw_ofi,17938,-0.14831459893457152,0.09090997741648303,0.0055704607150374175,5.481307777384747,60,-0.07918715910357833,-0.15551350178035325,3.515520036403,4.28208781641517,0.31959584711659034
2026-04-15 05:00,5m,300000,raw_ofi,17698,-0.9003140671090444,0.06858698822634678,0.0006488368671332401,1.7511233295137094,300,-0.08339171036275224,-0.9060336533658695,3.5313686753465885,9.508609971037838,0.24220594175888627
2026-04-15 12:00,1s,1000,normalized_ofi,17995,0.0037581612137496147,0.13500899451087622,0.058041509164946214,24.408402081357867,12,-0.043705191876814556,-0.0021424327964440324,1.3329422670449185,0.746972638922682,0.17995919521478232
2026-04-15 12:00,10s,10000,normalized_ofi,17986,-0.007185488318794356,0.2593063084220846,0.017431775350621237,13.08236173103527,12,-0.04376433165981399,-0.018533855602060483,1.3332600486508308,2.618527491577973,0.3457227413822958
2026-04-15 12:00,1m,60000,normalized_ofi,17936,-0.0888310455097385,0.389471206097679,0.00565486893004008,6.723522787065736,60,-0.04400123052590028,-0.10596825783244289,1.3348571796183557,6.9135146201466,0.5198884357141071
2026-04-15 12:00,5m,300000,normalized_ofi,17696,-0.6207108880020559,0.33552961852971763,0.0008698874346073637,4.027792645902931,300,-0.04587271044990938,-0.6361025410402381,1.3362916558384805,15.201995193102467,0.44836542952793007
2026-04-15 12:00,1s,1000,raw_ofi,17995,0.003833277219667889,0.03134334385068061,0.05113330268754368,22.171839089216828,12,-0.19065323867740935,-0.0021424327964440324,5.389038538854206,0.746972638922682,0.1689104879478768
2026-04-15 12:00,10s,10000,raw_ofi,17986,-0.006765306803216336,0.061660735243376286,0.016111458985103688,12.258682981931223,12,-0.19085968975870016,-0.018533855602060483,5.390336455404241,2.618527491577973,0.3323721090494003
2026-04-15 12:00,1m,60000,raw_ofi,17936,-0.08652553337769942,0.10144705080288188,0.006271520739049019,6.546843963102922,60,-0.19165391503122098,-0.10596825783244289,5.396918887470602,6.9135146201466,0.547501504556263
2026-04-15 12:00,5m,300000,raw_ofi,17696,-0.6152432251645094,0.10373874386350233,0.0013581327721340353,4.13559487780172,300,-0.20107546225135536,-0.6361025410402381,5.400459585891062,15.201995193102467,0.5602368937259488
2026-04-16 12:00,1s,1000,normalized_ofi,17993,0.0038230262298135395,0.12844479853869675,0.0407109153670423,17.82860352940169,12,-0.054646946366617745,-0.003196089787001643,1.4794070699581698,0.941778513826409,0.1900221430575008
2026-04-16 12:00,10s,10000,normalized_ofi,17984,-0.015164031453465674,0.26049854139578754,0.0136336382722817,8.673774979227792,12,-0.053921855193111254,-0.02921059608062603,1.4790623619360839,3.299786929487236,0.38529358791775825
2026-04-16 12:00,1m,60000,normalized_ofi,17934,-0.16163361065112017,0.3850812322168276,0.003802017248710654,4.906374584241593,60,-0.054317088340873995,-0.18255010195985422,1.481036166762586,9.249344927795809,0.5703192320546235
2026-04-16 12:00,5m,300000,normalized_ofi,17694,-1.0919916193033068,0.39028943803795346,0.0007316821451039957,3.1296173284924755,300,-0.05503963692115697,-1.113473008267078,1.4851217236838836,21.428295205626522,0.5796273229545398
2026-04-16 12:00,1s,1000,raw_ofi,17993,0.006167068706062978,0.0304143256200591,0.0380898249328635,19.400421611538963,12,-0.3078535624965281,-0.003196089787001643,6.043312817861031,0.941778513826409,0.1838032838663023
2026-04-16 12:00,10s,10000,raw_ofi,17984,-0.01001248104940184,0.06310058340345596,0.013341876846927558,9.40717125857403,12,-0.304246236654806,-0.02921059608062603,6.040334466959669,3.299786929487236,0.38114862881715833
2026-04-16 12:00,1m,60000,raw_ofi,17934,-0.1536176370975203,0.09449305659342329,0.003820035666140087,4.893651185159359,60,-0.30618614642578523,-0.18255010195985422,6.049852508122893,9.249344927795809,0.5716690554319204
2026-04-16 12:00,5m,300000,raw_ofi,17694,-1.077349386562044,0.11703281518270395,0.001097905636522789,2.6957280831995334,300,-0.3086623324290736,-1.113473008267078,6.06683908736655,21.428295205626522,0.7100192576549738
2026-04-16 17:00,1s,1000,normalized_ofi,17997,0.014108870828929419,0.14312588010035812,0.07015574943635827,26.896299772755818,12,-0.0514638263427361,0.006743065390293321,1.2516239822105177,0.6763327411912069,0.17913978400859532
2026-04-16 17:00,10s,10000,normalized_ofi,17988,0.07571387208849091,0.3181727496101777,0.02446513374691961,14.641360630751032,12,-0.051374195098060245,0.05936800317513137,1.2517905117997332,2.5463660735382674,0.3982856290752527
2026-04-16 17:00,1m,60000,normalized_ofi,17938,0.35895975613960124,0.3280149106373138,0.004174175191337004,5.922464780999853,60,-0.051990928211655754,0.34190595646830396,1.253087428037172,6.361940784863335,0.4110313607283544
2026-04-16 17:00,5m,300000,normalized_ofi,17698,1.847899863323974,0.17757089001541015,0.000290400887224207,1.8377264441752255,300,-0.05246198212960409,1.8385841424652476,1.2572213699334382,13.100400002741102,0.22324591760547385
2026-04-16 17:00,1s,1000,raw_ofi,17997,0.016608645892865617,0.03263828278713523,0.06544172946097315,23.05964127426247,12,-0.30227020725676573,0.006743065390293321,5.3010328461020695,0.6763327411912069,0.17301660909497166
2026-04-16 17:00,10s,10000,raw_ofi,17988,0.08118554791066067,0.07223072230191376,0.0226200825316194,12.81218393236954,12,-0.3020535312430516,0.05936800317513137,5.302076311312619,2.5463660735382674,0.38297280166597697
2026-04-16 17:00,1m,60000,raw_ofi,17938,0.36418249770809824,0.07326863870607866,0.0037379588549552034,5.432428082578232,60,-0.3040392401605535,0.34190595646830396,5.308707023274372,6.361940784863335,0.3889617368847123
2026-04-16 17:00,5m,300000,raw_ofi,17698,1.852313961668766,0.04455478085860452,0.00032923590584232887,1.791065280738337,300,-0.3081559136625614,1.8385841424652476,5.335115682116434,13.100400002741102,0.2377049100720021
2026-04-17 05:00,1s,1000,normalized_ofi,17997,0.014647775996572689,0.12628591803348294,0.0333674335549734,10.551855880196474,12,-0.05244589288256521,0.008024598266812231,0.9080901292952861,0.627801687250703,0.11467899563519943
2026-04-17 05:00,10s,10000,normalized_ofi,17988,0.09061463906536976,0.3175913771238551,0.01648918305856839,7.726753264483043,12,-0.05247671033006577,0.07394848836471454,0.9083157675060464,2.246497739455639,0.2884732554655567
2026-04-17 05:00,1m,60000,normalized_ofi,17938,0.4650481765533958,0.4453752872756059,0.003842384099600027,3.4960640732354036,60,-0.05269711337570204,0.4415781845450974,0.9094007003859426,6.534028306912332,0.4050245981830264
2026-04-17 05:00,5m,300000,normalized_ofi,17698,2.353229778662503,0.3608029811459523,0.0005897728534853819,1.255054824099795,300,-0.0506597230732429,2.3349515995536487,0.9092861146582928,13.509158187229602,0.3280731408833322
2026-04-17 05:00,1s,1000,raw_ofi,17997,0.013208580249455868,0.020895472883108872,0.029971547298351275,9.703766238929322,12,-0.2480911540812353,0.008024598266812231,5.201455132145211,0.627801687250703,0.10868686466644774
2026-04-17 05:00,10s,10000,raw_ofi,17988,0.0872614384767905,0.05362348200884168,0.015422771044582007,7.99253392299334,12,-0.24826716977985278,0.07394848836471454,5.202740685935951,2.246497739455639,0.2789890715689551
2026-04-17 05:00,1m,60000,raw_ofi,17938,0.4582415992281933,0.06679989173162958,0.0028347973294543527,3.1357233980709656,60,-0.24945271992418275,0.4415781845450974,5.207943458049849,6.534028306912332,0.34789005914217846
2026-04-17 05:00,5m,300000,raw_ofi,17698,2.3428481471237705,0.03371395741748089,0.00016829603138068805,0.766978688674255,300,-0.23422191208046061,2.3349515995536487,5.198229992108522,13.509158187229602,0.17525290460021875
2026-04-17 12:00,1s,1000,normalized_ofi,17995,0.009251172512865488,0.1333450051851074,0.03357326929596982,20.324314471495228,12,0.09605436484944137,0.022059542291766442,1.8043465915712253,1.3131063428114087,0.2406006056087959
2026-04-17 12:00,10s,10000,normalized_ofi,17986,0.15143389956224287,0.18174849624905942,0.0059756015515899374,6.904651152065923,12,0.09595164908539702,0.16887296749613123,1.804758411276045,4.243254545935471,0.3280121273422627
2026-04-17 12:00,1m,60000,normalized_ofi,17936,0.9640974053363063,0.19757376070580873,0.0012250564328134539,2.9337102180479553,60,0.09612421358411925,0.9830890277090091,1.8067332911721825,10.198710542759102,0.35696309092927103
2026-04-17 12:00,5m,300000,normalized_ofi,17696,4.974187566983508,0.17779580869769976,0.00023376937152219668,1.2489331018192875,300,0.09748620519716053,4.991520205673407,1.8142019246336871,21.09664221210349,0.32255749833116976
2026-04-17 12:00,1s,1000,raw_ofi,17995,0.01254668569069889,0.028038681419710137,0.03206691512679494,21.140388704346247,12,0.339276175604334,0.022059542291766442,8.386309847845842,1.3131063428114087,0.23514107011072738
2026-04-17 12:00,10s,10000,raw_ofi,17986,0.15585901189097343,0.03842760833316033,0.005770600262633652,7.055460854610439,12,0.3386616073612804,0.16887296749613123,8.38815071657172,4.243254545935471,0.3223365703759362
2026-04-17 12:00,1m,60000,raw_ofi,17936,0.9693263585617792,0.04059888245010874,0.0011169393030280306,2.97271742395977,60,0.33899132972792084,0.9830890277090091,8.395488545969751,10.198710542759102,0.3408474525890603
2026-04-17 12:00,5m,300000,raw_ofi,17696,4.979144369057112,0.03563431700464126,0.00020252145031685043,1.1388858560484063,300,0.3473010753842669,4.991520205673407,8.42520375749853,21.09664221210349,0.30022638152339726
2026-04-18 13:00,1s,1000,normalized_ofi,17997,-0.0035167247948792967,0.10207643312912391,0.020038830750882974,11.915363694259081,12,-0.011504324176349365,-0.004691045172362187,0.7247252299953695,0.522591904999106,0.07397736647661128
2026-04-18 13:00,10s,10000,normalized_ofi,17988,-0.025494423930021583,0.30285747152656617,0.016828349744770543,10.17864343146114,12,-0.01150419311011954,-0.02897855476730573,0.7249056798626827,1.6923844649285227,0.21954310129845853
2026-04-18 13:00,1m,60000,normalized_ofi,17938,-0.14426532801150382,0.4588900749101196,0.005568028383263868,5.953141760217873,60,-0.011245443824951313,-0.14942575057073326,0.7254217295291319,4.461167245532842,0.33288883180505185
2026-04-18 13:00,5m,300000,normalized_ofi,17698,-0.7023684831573077,0.4266631943563153,0.0010706210938981053,1.9306534179245478,300,-0.010902869313692219,-0.707020336206337,0.729564160705954,9.513290837632809,0.3112781752946865
2026-04-18 13:00,1s,1000,raw_ofi,17997,-0.0019772788811723493,0.0253208553141778,0.01935691766067127,11.508066319282937,12,-0.10717514307940179,-0.004691045172362187,2.871457600110776,0.522591904999106,0.07270776243320118
2026-04-18 13:00,10s,10000,raw_ofi,17988,-0.020975016266167556,0.07465830643088682,0.016053837916951808,10.046117324532833,12,-0.10720225094507416,-0.02897855476730573,2.8721712656565703,1.6923844649285227,0.21443144247337625
2026-04-18 13:00,1m,60000,raw_ofi,17938,-0.1371566686866091,0.11542680257001359,0.0055304494433962015,5.739606690612006,60,-0.10629317984167652,-0.14942575057073326,2.8742335384907,4.461167245532842,0.33176358718747756
2026-04-18 13:00,5m,300000,raw_ofi,17698,-0.698457537595016,0.08114007614435598,0.0006076262308624125,1.4223267930950592,300,-0.1055310645270649,-0.707020336206337,2.890104991500443,9.513290837632809,0.23450333907552923
2026-04-18 19:00,1s,1000,normalized_ofi,17996,0.0008981117460368648,0.07891557735175145,0.01815130630867756,12.232619546926626,12,-0.009236239510688799,0.0001692285724917999,0.5424649125025574,0.31774626035074066,0.042808931763206645
2026-04-18 19:00,10s,10000,normalized_ofi,17987,0.007329601413334292,0.27783051204166864,0.018613264761270565,14.528863181869095,12,-0.009232438135570493,0.004764548398735713,0.5425418643155351,1.1048464313894066,0.15073468396682663
2026-04-18 19:00,1m,60000,normalized_ofi,17937,0.029346285002587322,0.287960709881618,0.003362545278955964,6.064478783754104,60,-0.009164912557597849,0.02670715027649849,0.5432246970309552,2.6976069468271557,0.15642736938226073
2026-04-18 19:00,5m,300000,normalized_ofi,17697,0.04343621684431654,0.2684756527133153,0.0005774082606461173,2.5960975832959106,300,-0.009365588931975562,0.0409217842427598,0.5457117554596823,6.09714775703529,0.14651031974036732
2026-04-18 19:00,1s,1000,raw_ofi,17996,0.0006970454605821113,0.021223977571809983,0.015895222811013854,12.161988466101818,12,-0.024868895865747892,0.0001692285724917999,1.8875000850861314,0.31774626035074066,0.04006025947265749
2026-04-18 19:00,10s,10000,raw_ofi,17987,0.006688055103879501,0.07733448792732009,0.017461065993207514,13.595501824251032,12,-0.024872560182353877,0.004764548398735713,1.8878352017286009,1.1048464313894066,0.14599476861685037
2026-04-18 19:00,1m,60000,raw_ofi,17937,0.02868819641259719,0.08039859917111393,0.003173710151762821,5.31809716220015,60,-0.02464030662875615,0.02670715027649849,1.890226380436454,2.6976069468271557,0.15197155310337598
2026-04-18 19:00,5m,300000,raw_ofi,17697,0.04275317368682002,0.07262837752920688,0.0005119826438404473,2.066939396365038,300,-0.02521589365429164,0.0409217842427598,1.8995380468071996,6.09714775703529,0.13796036639460554
2026-04-19 13:00,1s,1000,normalized_ofi,17995,-0.0053622593051464934,0.11990124379044848,0.03721099924518978,18.188903350794234,12,-0.005137205481315091,-0.005978216631963282,1.1415787729962443,0.7095678124687183,0.13687671476702373
2026-04-19 13:00,10s,10000,normalized_ofi,17986,-0.05616077173237312,0.27099566803104747,0.01542952854647206,11.483966348161138,12,-0.005213277958107622,-0.057573547475262034,1.1417531540793604,2.490911171643814,0.30941015871629174
2026-04-19 13:00,1m,60000,normalized_ofi,17936,-0.3497256534310693,0.4624028988636696,0.0058835579832837714,6.90147347500594,60,-0.0052829277385956054,-0.3521684945318832,1.1420395435368116,6.884646897922491,0.5280823955483637
2026-04-19 13:00,5m,300000,normalized_ofi,17696,-1.8101013481458719,0.47781824118917515,0.001375988682900453,3.2133796701732633,300,-0.004447527258257558,-1.8122264577980534,1.1395038330135328,14.678141996486975,0.5444757173188498
2026-04-19 13:00,1s,1000,raw_ofi,17995,-0.006957435724755959,0.030782340432976844,0.03392396124026642,16.54458698596039,12,0.03181106696304511,-0.005978216631963282,4.245663293162393,0.7095678124687183,0.13069145285391837
2026-04-19 13:00,10s,10000,raw_ofi,17986,-0.05991255313459419,0.07417144587405887,0.015988632250689694,12.528201670597166,12,0.031535122873345756,-0.057573547475262034,4.246461120349385,2.490911171643814,0.31496616114428977
2026-04-19 13:00,1m,60000,raw_ofi,17936,-0.35600828866823286,0.12226425063913193,0.005692719343417529,6.7983713079569705,60,0.03140569803746636,-0.3521684945318832,4.248563044344633,6.884646897922491,0.5194473769099056
2026-04-19 13:00,5m,300000,raw_ofi,17696,-1.81666411953885,0.12143992783264192,0.0012332860994659356,2.9739787639988773,300,0.03654203209764897,-1.8122264577980534,4.244646256723632,14.678141996486975,0.5154695350916115
2026-04-20 03:00,1s,1000,normalized_ofi,17997,0.007507121971851969,0.1118924849832805,0.027060660550342952,10.754045432872632,12,-0.03371355226579061,0.003734828831218951,0.8780229888467693,0.5972244914101117,0.0982441740945122
2026-04-20 03:00,10s,10000,normalized_ofi,17988,0.04263545558632854,0.3204465005584792,0.017890427426208166,8.937085844868955,12,-0.03401497137913499,0.0317354770412879,0.8778976227071079,2.1032410422685874,0.2813192210451008
2026-04-20 03:00,1m,60000,normalized_ofi,17938,0.2003182166666211,0.6048288026769162,0.008199643999394324,4.37127500925517,60,-0.034850087011500254,0.17923988026626908,0.8769018521858294,5.8571447006954145,0.5303754973227254
2026-04-20 03:00,5m,300000,normalized_ofi,17698,0.8860914075323654,0.5985661823837671,0.0014135023968429028,1.8681861016701646,300,-0.036859823501068194,0.8640283636959915,0.8698389364017453,13.848500337097246,0.520656171450749
2026-04-20 03:00,1s,1000,raw_ofi,17997,0.007936915203975508,0.026969585134568364,0.025384680317033448,12.50065337738736,12,-0.15580834305717658,0.003734828831218951,3.528167479898288,0.5972244914101117,0.0951532132181324
2026-04-20 03:00,10s,10000,raw_ofi,17988,0.043558506384750825,0.07539715072881302,0.015996686243466396,9.621210865570587,12,-0.1568100283522352,0.0317354770412879,3.5281669479862776,2.1032410422685874,0.26601373517373755
2026-04-20 03:00,1m,60000,raw_ofi,17938,0.20163259719729976,0.13970387997489922,0.0070618818253320725,3.8436483884907213,60,-0.16028700802765108,0.17923988026626908,3.5232033350315284,5.8571447006954145,0.49220517584440926
2026-04-20 03:00,5m,300000,raw_ofi,17698,0.8892675897865878,0.15106269482792312,0.001450493102262418,1.9749772097370781,300,-0.16707782235280857,0.8640283636959915,3.4914301024029717,13.848500337097246,0.5274248400723245
2026-04-20 13:00,1s,1000,normalized_ofi,17997,0.012413877389230988,0.1427618447166402,0.052313724268037376,22.131972339513688,12,-0.059382254559547244,0.003936357184876904,1.5172449613509595,0.9470219289798211,0.21660468956949044
2026-04-20 13:00,10s,10000,normalized_ofi,17988,0.05869256607044117,0.24662748704440302,0.012387724656533927,11.011323198908208,12,-0.059458639481449284,0.044028431232052204,1.5175865055962334,3.362785468981359,0.3742785462476959
2026-04-20 13:00,1m,60000,normalized_ofi,17938,0.29491031760096564,0.22400028491809923,0.0016708934995726121,4.157744787133633,60,-0.05899831119458477,0.281694679083692,1.519139341956596,8.324761442510079,0.34028764542857126
2026-04-20 13:00,5m,300000,normalized_ofi,17698,1.4870426852940983,0.10803739762481786,9.538999617741961e-05,1.4536827522135563,300,-0.05929027228388569,1.4806371185720806,1.5262497433606788,16.88294877148285,0.16489205039823385
2026-04-20 13:00,1s,1000,raw_ofi,17997,0.015053514551006278,0.03243055137001923,0.047478114817367856,22.08386227387805,12,-0.3427989009279302,0.003936357184876904,6.362861004967091,0.9470219289798211,0.20635109068187746
2026-04-20 13:00,10s,10000,raw_ofi,17988,0.06339712976631269,0.056447374350670716,0.011413040112977946,10.846094040256096,12,-0.34312842283744494,0.044028431232052204,6.364379796484146,3.362785468981359,0.35925252888198606
2026-04-20 13:00,1m,60000,raw_ofi,17938,0.30036570499963605,0.054653023932862796,0.0017494220571596664,3.9516499262944182,60,-0.3416284145389653,0.281694679083692,6.370960312733793,8.324761442510079,0.348192246447159
2026-04-20 13:00,5m,300000,raw_ofi,17698,1.491058205681915,0.030272314062551552,0.00013164086558326016,1.5234945283405534,300,-0.34424481353825087,1.4806371185720806,6.398792792628675,16.88294877148285,0.19370626503964655
2026-05-06 18:00,1s,1000,normalized_ofi,16359,-0.0020352639151024884,0.09586313072632752,0.0414677098697086,16.189277045872995,12,0.0030928406555035455,-0.0017387745270282516,0.7229574088545648,0.3403371010493621,0.06930496059459215
2026-05-06 18:00,10s,10000,normalized_ofi,16350,-0.013904455801610774,0.2810766160643314,0.026302132238930742,13.949369047392493,12,0.0033406779297280417,-0.01296546935376202,0.7227390314204981,1.2525952118487595,0.2031450412492861
2026-05-06 18:00,1m,60000,normalized_ofi,16300,-0.07345859381543005,0.34229246933762403,0.005327122547380436,5.805794749593853,60,0.0033627857056020317,-0.07230753759240627,0.7238306452770605,3.394594997188415,0.24776177895413085
2026-05-06 18:00,5m,300000,normalized_ofi,16060,-0.2903952632152721,0.4557679967826794,0.0016549565070035355,2.2879521424808344,300,0.003853208209354684,-0.288639094228508,0.7265278544576693,8.139595135417084,0.33112814483298997
2026-05-06 18:00,1s,1000,raw_ofi,16359,-0.0010084323283033308,0.01568376537624515,0.036614808735827564,15.433662488197847,12,-0.04656676386087152,-0.0017387745270282516,4.152286806332867,0.3403371010493621,0.06512349204540296
2026-05-06 18:00,10s,10000,raw_ofi,16350,-0.010792945856788827,0.047766775708289466,0.02507082064326993,13.286436792461085,12,-0.045481895412843865,-0.01296546935376202,4.152112338233611,1.2525952118487595,0.19833301877602622
2026-05-06 18:00,1m,60000,raw_ofi,16300,-0.06936986033461391,0.06446614322567325,0.006236572571739818,5.525248171474354,60,-0.04556930368098142,-0.07230753759240627,4.158428784047688,3.394594997188415,0.2680778655861805
2026-05-06 18:00,5m,300000,raw_ofi,16060,-0.28477041677979625,0.09105743191541141,0.002179401333123332,2.220028524371098,300,-0.04248612515566605,-0.288639094228508,4.173073287809491,8.139595135417084,0.3799893367827348
2026-05-07 16:00,1s,1000,normalized_ofi,17997,0.002064440056205748,0.1253628217043645,0.053281196710081136,20.113456663725426,12,-0.010682002999551675,0.000725314018727464,0.9635473135785414,0.5233049205887028,0.12079301007586607
2026-05-07 16:00,10s,10000,normalized_ofi,17988,0.006227981500003021,0.3321053222868718,0.026925353123476548,13.563248857237706,12,-0.010764961531578599,0.002652880481152334,0.9637401487674887,1.950540999955477,0.3200632327072246
2026-05-07 16:00,1m,60000,normalized_ofi,17938,0.015103355814060922,0.34803541747499167,0.0048887535143803396,5.101104037027623,60,-0.011088310175485712,0.011244231153043556,0.9647758951069795,4.802316899320317,0.33577618142336635
2026-05-07 16:00,5m,300000,normalized_ofi,17698,0.04493042412730574,0.26145702691241685,0.000595137448802574,2.7547337940316403,300,-0.009828778456284706,0.04236062093394472,0.9697696063105893,10.393462361371064,0.25355307805599164
2026-05-07 16:00,1s,1000,raw_ofi,17997,0.003762211404427571,0.019539607397249983,0.04776034496986237,19.810900678583923,12,-0.1554226409957204,0.000725314018727464,5.852921678012427,0.5233049205887028,0.1143637917152164
2026-05-07 16:00,10s,10000,raw_ofi,17988,0.010845036871543874,0.052558920857789466,0.02488379174266031,12.598236413188113,12,-0.15586614520791528,0.002652880481152334,5.854191473431254,1.950540999955477,0.3076899863384192
2026-05-07 16:00,1m,60000,raw_ofi,17938,0.02028217235365659,0.057228194432600306,0.004877817091982428,4.524254910585391,60,-0.15792812074924617,0.011244231153043556,5.860754461431045,4.802316899320317,0.33540039584050557
2026-05-07 16:00,5m,300000,raw_ofi,17698,0.047351024410102374,0.033293855653507023,0.0003556160677482545,1.97537949122665,300,-0.1498896231212554,0.04236062093394472,5.886902500421156,10.393462361371064,0.19599768209529153
2026-05-08 07:00,1s,1000,normalized_ofi,17997,0.005451968720046611,0.09011431368393681,0.03303968454763073,17.572013891340536,12,-0.0023848361559926853,0.0052370608466006914,0.718849678302872,0.35638048627016444,0.06477864540218208
2026-05-08 07:00,10s,10000,normalized_ofi,17988,0.05158297138304251,0.25029489507352976,0.020883471503898576,13.917288420537318,12,-0.0023852482163832147,0.05098595593099855,0.7190252038109474,1.245359559624038,0.17996833794308442
2026-05-08 07:00,1m,60000,normalized_ofi,17938,0.3165334261395124,0.30505997325474127,0.004799068899479009,5.584751909782232,60,-0.0023537357470759706,0.3158153955754606,0.7198953992643563,3.1701231482810885,0.21961127124579582
2026-05-08 07:00,5m,300000,normalized_ofi,17698,1.6510885898465737,0.42222099251064626,0.0016191310115079016,3.3363052974379395,300,-0.002488260954580998,1.6500379938367051,0.7202250057621862,7.557306263058312,0.3040941167638962
2026-05-08 07:00,1s,1000,raw_ofi,17997,0.00590669751589593,0.010762177949399201,0.03017000860593244,17.00203575002299,12,-0.06222129688281372,0.0052370608466006914,5.751769379101632,0.35638048627016444,0.06190156558179712
2026-05-08 07:00,10s,10000,raw_ofi,17988,0.05285002718465588,0.029943629738066756,0.01913532010416019,13.299041229849927,12,-0.0622526817878585,0.05098595593099855,5.753182897060343,1.245359559624038,0.17227117848495316
2026-05-08 07:00,1m,60000,raw_ofi,17938,0.3180916168208136,0.03658476093188363,0.00441796478838008,5.197581581674351,60,-0.062217742780689,0.3158153955754606,5.759529897773364,3.1701231482810885,0.21071102439007466
2026-05-08 07:00,5m,300000,raw_ofi,17698,1.6533418664440909,0.05227626527124867,0.0015883501350887341,3.2994512929626616,300,-0.0632002418352356,1.6500379938367051,5.761500336736394,7.557306263058312,0.3011897199636203
2026-05-09 07:00,1s,1000,normalized_ofi,17996,0.0009134150208658841,0.06464607408704746,0.014554108925424858,8.964674852615886,12,-0.004829183159474519,0.0006012272885585725,0.3444236085998777,0.18456198725016973,0.022265634118875933
2026-05-09 07:00,10s,10000,normalized_ofi,17987,0.007378222157348443,0.2556271040160449,0.019205958562123038,11.408867496926863,12,-0.00471798970725977,0.00617217611170412,0.3441967006713517,0.6348857935551094,0.08798600580449509
2026-05-09 07:00,1m,60000,normalized_ofi,17937,0.04590211110175795,0.3550970602459431,0.005078526755698309,6.643118117004801,60,-0.004433544316647928,0.04432777254844616,0.34430643046014886,1.7156288408533509,0.12226220128017311
2026-05-09 07:00,5m,300000,normalized_ofi,17697,0.2601730828191235,0.4182161640315475,0.0011796964932059284,3.037644971018009,300,-0.004765713894295508,0.25817998423537936,0.3460544296539269,4.213665756870414,0.1447255561159903
2026-05-09 07:00,1s,1000,raw_ofi,17996,0.0009058587559618003,0.007783991248696274,0.013429578727971014,8.778502369178197,12,-0.039135638475216686,0.0006012272885585725,2.7477113869117127,0.18456198725016973,0.021388161389663873
2026-05-09 07:00,10s,10000,raw_ofi,17987,0.007335450560408447,0.030624001090853826,0.017521912638844284,11.176105259107292,12,-0.0379857107911269,0.00617217611170412,2.744254803240019,0.6348857935551094,0.0840400620880032
2026-05-09 07:00,1m,60000,raw_ofi,17937,0.045856263375788665,0.043516281817805376,0.004842434656792793,6.093869806975476,60,-0.035124573228522034,0.04432777254844616,2.7434903839322415,1.7156288408533509,0.1193865007116345
2026-05-09 07:00,5m,300000,raw_ofi,17697,0.2602529037242296,0.05359008992747911,0.0012263014591560317,2.8633284075371983,300,-0.03868102277222127,0.25817998423537936,2.7534311384428056,4.213665756870414,0.14755662231827113
2026-05-09 13:00,1s,1000,normalized_ofi,17987,0.0025226092241125066,0.08900676447360366,0.023710546911302255,11.572354340205576,12,0.0017069231424643747,0.002674536930228377,0.5141590955362038,0.2972006474611195,0.04576363751835197
2026-05-09 13:00,10s,10000,normalized_ofi,17978,0.028016204071012636,0.29702826586228315,0.0224305385996153,12.028570420626346,12,0.0017929070393136455,0.028548748139752247,0.5145424745158668,1.0204674570163181,0.15283365891793593
2026-05-09 13:00,1m,60000,normalized_ofi,17928,0.17372517316715674,0.3168576074572887,0.004239521136322533,5.697806179226132,60,0.0020609962619404752,0.1743782155116936,0.5147400870831982,2.5049192362194086,0.1630993124555386
2026-05-09 13:00,5m,300000,normalized_ofi,17688,0.8131216232279844,0.36371075416673543,0.0012857130358354674,3.3689878339433497,300,0.0022062819934572215,0.8139240717157291,0.5147543351395156,5.2213659373725845,0.1872216874441897
2026-05-09 13:00,1s,1000,raw_ofi,17987,0.002518616975625163,0.011486008807277653,0.020208777924452304,8.77432400939363,12,0.013574772335575901,0.002674536930228377,3.6783295151602924,0.2972006474611195,0.04224932520720046
2026-05-09 13:00,10s,10000,raw_ofi,17978,0.02799074230138195,0.039592181587794754,0.020391873834740393,9.370144269454833,12,0.014093839136722772,0.028548748139752247,3.680597226813048,1.0204674570163181,0.14572287375551599
2026-05-09 13:00,1m,60000,raw_ofi,17928,0.17375514021717678,0.03820656621131949,0.00315454894910272,4.783840212861548,60,0.016308068384649932,0.1743782155116936,3.6823439864872,2.5049192362194086,0.14068971933257735
2026-05-09 13:00,5m,300000,raw_ofi,17688,0.813151741346344,0.03944831637268943,0.0007734083419853599,2.3901039451610138,300,0.019578284712799685,0.8139240717157291,3.6809514142142348,5.2213659373725845,0.1452073359404217
pooled,1s,1000,normalized_ofi,430259,0.0029081291538978044,0.11919730781527109,0.0365623111746074,64.62142880451083,25,-0.00904661769729232,0.0018297966795465732,1.0342906145017339,0.6447512757095466,0.12328465674720906
pooled,10s,10000,normalized_ofi,430043,0.018377748716828828,0.24241994262039132,0.012774198296325978,35.8310883089493,25,-0.009044180258934265,0.016185259057409508,1.0344225444451467,2.218704654389518,0.25076465386963165
pooled,1m,60000,normalized_ofi,428843,0.09920134932636859,0.3156672063913354,0.003224053189398224,18.054671459412422,60,-0.0091106612924107,0.09632541232781563,1.0351477563067748,5.754806333290347,0.32676220043561843
pooled,5m,300000,normalized_ofi,423083,0.48848135021551703,0.29580566392794605,0.000605496692998253,7.483623131112724,300,-0.009162317599277133,0.48577108477494413,1.0374044877584305,12.47092651041072,0.30687012326321333
pooled,1s,1000,raw_ofi,430259,0.0035168032106339814,0.022946815644658617,0.03165521447100117,59.282257887716675,25,-0.07351811062639087,0.0018297966795465732,4.9991067844757895,0.6447512757095466,0.11471358177132808
pooled,10s,10000,raw_ofi,430043,0.019666164190779482,0.047353389697821685,0.011386657471534223,34.95282702867718,25,-0.07350910157821497,0.016185259057409508,4.999729981259243,2.218704654389518,0.23675416218645165
pooled,1m,60000,raw_ofi,428843,0.10089378848323723,0.061944322605874215,0.00289944157715627,17.298721584580658,60,-0.07374971528041797,0.09632541232781563,5.002491806875181,5.754806333290347,0.3098759663183188
pooled,5m,300000,raw_ofi,423083,0.4902348557555057,0.06054929774422594,0.0005922229004602375,7.038953474894399,300,-0.07372126757633947,0.48577108477494413,5.012244038291765,12.47092651041072,0.3034878566412495
