window,horizon,label,n,avg_microprice_deviation_bps,avg_forward_drift_bps,median_forward_drift_bps
2026-04-12 09:00,1s,<-0.5bps,0,,,
2026-04-12 09:00,1s,"[-0.5,-0.1)bps",2,-0.3773245348694511326214180518,-15.37143865067573738577519496,-15.37143865067573738577519496
2026-04-12 09:00,1s,"[-0.1,0.1)bps",17996,-0.00002383791458743813085823707747,-0.005994896868845408005349859413,0
2026-04-12 09:00,1s,"[0.1,0.5)bps",0,,,
2026-04-12 09:00,1s,>=0.5bps,0,,,
2026-04-12 09:00,10s,<-0.5bps,0,,,
2026-04-12 09:00,10s,"[-0.5,-0.1)bps",2,-0.3773245348694511326214180518,-29.98571312038495549063316360,-29.98571312038495549063316360
2026-04-12 09:00,10s,"[-0.1,0.1)bps",17987,-0.00002391020863610435457959514579,-0.05606232795092619587604577400,0
2026-04-12 09:00,10s,"[0.1,0.5)bps",0,,,
2026-04-12 09:00,10s,>=0.5bps,0,,,
2026-04-12 09:00,1m,<-0.5bps,0,,,
2026-04-12 09:00,1m,"[-0.5,-0.1)bps",2,-0.3773245348694511326214180518,-17.73784259910103997337165109,-17.73784259910103997337165109
2026-04-12 09:00,1m,"[-0.1,0.1)bps",17937,-0.00002433866580108030499449477572,-0.3487725410794377032055194647,0
2026-04-12 09:00,1m,"[0.1,0.5)bps",0,,,
2026-04-12 09:00,1m,>=0.5bps,0,,,
2026-04-12 09:00,5m,<-0.5bps,0,,,
2026-04-12 09:00,5m,"[-0.5,-0.1)bps",2,-0.3773245348694511326214180518,-36.13635360918733118928911840,-36.13635360918733118928911840
2026-04-12 09:00,5m,"[-0.1,0.1)bps",17697,-0.00002405829828342034115259462667,-1.625219764744414876823255478,-0.6524980769859517584088064277
2026-04-12 09:00,5m,"[0.1,0.5)bps",0,,,
2026-04-12 09:00,5m,>=0.5bps,0,,,
2026-04-12 15:00,1s,<-0.5bps,0,,,
2026-04-12 15:00,1s,"[-0.5,-0.1)bps",0,,,
2026-04-12 15:00,1s,"[-0.1,0.1)bps",17997,0.00005153747052297738380022056733,0.003125067817145966272851939472,0
2026-04-12 15:00,1s,"[0.1,0.5)bps",0,,,
2026-04-12 15:00,1s,>=0.5bps,1,0.5714194147891204286628978691,0.6544222920272667051306707695,0.6544222920272667051306707695
2026-04-12 15:00,10s,<-0.5bps,0,,,
2026-04-12 15:00,10s,"[-0.5,-0.1)bps",0,,,
2026-04-12 15:00,10s,"[-0.1,0.1)bps",17988,0.00005145029457071520170307052218,0.02590670195547765583705626278,0
2026-04-12 15:00,10s,"[0.1,0.5)bps",0,,,
2026-04-12 15:00,10s,>=0.5bps,1,0.5714194147891204286628978691,4.296974727349818870530387126,4.296974727349818870530387126
2026-04-12 15:00,1m,<-0.5bps,0,,,
2026-04-12 15:00,1m,"[-0.5,-0.1)bps",0,,,
2026-04-12 15:00,1m,"[-0.1,0.1)bps",17938,0.00005051732642616033140422413672,0.1545366438013603611673692372,0
2026-04-12 15:00,1m,"[0.1,0.5)bps",0,,,
2026-04-12 15:00,1m,>=0.5bps,1,0.5714194147891204286628978691,-0.7261205452891154741138377066,-0.7261205452891154741138377066
2026-04-12 15:00,5m,<-0.5bps,0,,,
2026-04-12 15:00,5m,"[-0.5,-0.1)bps",0,,,
2026-04-12 15:00,5m,"[-0.1,0.1)bps",17698,0.00004843106943406821552613716474,0.7505880048072282176781257199,0.4722966637739083444176190905
2026-04-12 15:00,5m,"[0.1,0.5)bps",0,,,
2026-04-12 15:00,5m,>=0.5bps,1,0.5714194147891204286628978691,2.989535991398458965543225330,2.989535991398458965543225330
2026-04-13 02:00,1s,<-0.5bps,0,,,
2026-04-13 02:00,1s,"[-0.5,-0.1)bps",0,,,
2026-04-13 02:00,1s,"[-0.1,0.1)bps",17998,-0.0001065633829785908443796240160,-0.001994891452385772492108511588,0
2026-04-13 02:00,1s,"[0.1,0.5)bps",0,,,
2026-04-13 02:00,1s,>=0.5bps,0,,,
2026-04-13 02:00,10s,<-0.5bps,0,,,
2026-04-13 02:00,10s,"[-0.5,-0.1)bps",0,,,
2026-04-13 02:00,10s,"[-0.1,0.1)bps",17989,-0.0001067505921676709083645199101,-0.01583197803357782109716413648,0
2026-04-13 02:00,10s,"[0.1,0.5)bps",0,,,
2026-04-13 02:00,10s,>=0.5bps,0,,,
2026-04-13 02:00,1m,<-0.5bps,0,,,
2026-04-13 02:00,1m,"[-0.5,-0.1)bps",0,,,
2026-04-13 02:00,1m,"[-0.1,0.1)bps",17939,-0.0001062618873226996703996880932,-0.09441587446588842846470065059,0
2026-04-13 02:00,1m,"[0.1,0.5)bps",0,,,
2026-04-13 02:00,1m,>=0.5bps,0,,,
2026-04-13 02:00,5m,<-0.5bps,0,,,
2026-04-13 02:00,5m,"[-0.5,-0.1)bps",0,,,
2026-04-13 02:00,5m,"[-0.1,0.1)bps",17699,-0.0001095399867633444667342475964,-0.3953769092858140622718548749,0.09442743536988177755559926152
2026-04-13 02:00,5m,"[0.1,0.5)bps",0,,,
2026-04-13 02:00,5m,>=0.5bps,0,,,
2026-04-13 07:00,1s,<-0.5bps,0,,,
2026-04-13 07:00,1s,"[-0.5,-0.1)bps",0,,,
2026-04-13 07:00,1s,"[-0.1,0.1)bps",17998,-0.00001823190678071311657355575169,-0.002423684581612672380557923535,0
2026-04-13 07:00,1s,"[0.1,0.5)bps",0,,,
2026-04-13 07:00,1s,>=0.5bps,0,,,
2026-04-13 07:00,10s,<-0.5bps,0,,,
2026-04-13 07:00,10s,"[-0.5,-0.1)bps",0,,,
2026-04-13 07:00,10s,"[-0.1,0.1)bps",17989,-0.00001806070419417750268114082379,-0.01162918189770216538260216874,0
2026-04-13 07:00,10s,"[0.1,0.5)bps",0,,,
2026-04-13 07:00,10s,>=0.5bps,0,,,
2026-04-13 07:00,1m,<-0.5bps,0,,,
2026-04-13 07:00,1m,"[-0.5,-0.1)bps",0,,,
2026-04-13 07:00,1m,"[-0.1,0.1)bps",17939,-0.00001702067402556322529646541345,-0.04747259750018473705079135390,0
2026-04-13 07:00,1m,"[0.1,0.5)bps",0,,,
2026-04-13 07:00,1m,>=0.5bps,0,,,
2026-04-13 07:00,5m,<-0.5bps,0,,,
2026-04-13 07:00,5m,"[-0.5,-0.1)bps",0,,,
2026-04-13 07:00,5m,"[-0.1,0.1)bps",17699,-0.00001694693115058007720799608093,-0.1463234502379955742541442418,-0.3387471957201550135396548406
2026-04-13 07:00,5m,"[0.1,0.5)bps",0,,,
2026-04-13 07:00,5m,>=0.5bps,0,,,
2026-04-13 12:00,1s,<-0.5bps,1,-0.8214298465910312327615089930,7.408108390376211566497614324,7.408108390376211566497614324
2026-04-13 12:00,1s,"[-0.5,-0.1)bps",2,-0.1076609395267266488179503334,-2.275466365689106099283534146,-2.275466365689106099283534146
2026-04-13 12:00,1s,"[-0.1,0.1)bps",17988,0.00001800889619627284583752165763,0.01226928784734504697716519879,0
2026-04-13 12:00,1s,"[0.1,0.5)bps",5,0.2218253708833650097996366128,0.3214197011680339794224117124,0.5447114904165345915889422729
2026-04-13 12:00,1s,>=0.5bps,0,,,
2026-04-13 12:00,10s,<-0.5bps,1,-0.8214298465910312327615089930,14.52482371244715611222527710,14.52482371244715611222527710
2026-04-13 12:00,10s,"[-0.5,-0.1)bps",2,-0.1076609395267266488179503334,0.544280937157220439193988620,0.544280937157220439193988620
2026-04-13 12:00,10s,"[-0.1,0.1)bps",17979,0.00001819645913085756068641386129,0.1028077510187251927020624031,0
2026-04-13 12:00,10s,"[0.1,0.5)bps",5,0.2218253708833650097996366128,-2.04583039365287554015898707,-0.4166192628723334364198945312
2026-04-13 12:00,10s,>=0.5bps,0,,,
2026-04-13 12:00,1m,<-0.5bps,1,-0.8214298465910312327615089930,26.69608802704407859515479171,26.69608802704407859515479171
2026-04-13 12:00,1m,"[-0.5,-0.1)bps",2,-0.1076609395267266488179503334,3.848811712893091818760595031,3.848811712893091818760595031
2026-04-13 12:00,1m,"[-0.1,0.1)bps",17929,0.00001793579558888412134494443048,0.6149421994428091272287030420,0.4706505190836601488299983172
2026-04-13 12:00,1m,"[0.1,0.5)bps",5,0.2218253708833650097996366128,-0.7687097562205150126281737984,2.277241114747734412552030757
2026-04-13 12:00,1m,>=0.5bps,0,,,
2026-04-13 12:00,5m,<-0.5bps,1,-0.8214298465910312327615089930,41.71123661404336671348335266,41.71123661404336671348335266
2026-04-13 12:00,5m,"[-0.5,-0.1)bps",2,-0.1076609395267266488179503334,17.30707261790154587399520625,17.30707261790154587399520625
2026-04-13 12:00,5m,"[-0.1,0.1)bps",17689,0.00001906292339656858890040222300,3.018144192791970863565871410,2.358390255253979070052195743
2026-04-13 12:00,5m,"[0.1,0.5)bps",5,0.2218253708833650097996366128,7.17758700959699502201441948,-3.203976821603584841577170790
2026-04-13 12:00,5m,>=0.5bps,0,,,
2026-04-14 02:00,1s,<-0.5bps,0,,,
2026-04-14 02:00,1s,"[-0.5,-0.1)bps",1,-0.1411908034699136642767362328,-0.8895637829335271950339345386,-0.8895637829335271950339345386
2026-04-14 02:00,1s,"[-0.1,0.1)bps",17996,-0.00004744085356486604838893433711,0.002088662843797393663899609309,0
2026-04-14 02:00,1s,"[0.1,0.5)bps",1,0.1915279827850202775476250332,0.4580009127736252810047450509,0.4580009127736252810047450509
2026-04-14 02:00,1s,>=0.5bps,0,,,
2026-04-14 02:00,10s,<-0.5bps,0,,,
2026-04-14 02:00,10s,"[-0.5,-0.1)bps",1,-0.1411908034699136642767362328,-1.824177281253710718161046412,-1.824177281253710718161046412
2026-04-14 02:00,10s,"[-0.1,0.1)bps",17987,-0.00004718830777793648076905971790,0.01071690916302977009078758462,0
2026-04-14 02:00,10s,"[0.1,0.5)bps",1,0.1915279827850202775476250332,1.730449851052184798862274619,1.730449851052184798862274619
2026-04-14 02:00,10s,>=0.5bps,0,,,
2026-04-14 02:00,1m,<-0.5bps,0,,,
2026-04-14 02:00,1m,"[-0.5,-0.1)bps",1,-0.1411908034699136642767362328,-3.813088596384000546513562183,-3.813088596384000546513562183
2026-04-14 02:00,1m,"[-0.1,0.1)bps",17937,-0.00004594285737534679031079290908,0.06842635223298829080598876908,0
2026-04-14 02:00,1m,"[0.1,0.5)bps",1,0.1915279827850202775476250332,3.298817147069944204593648274,3.298817147069944204593648274
2026-04-14 02:00,1m,>=0.5bps,0,,,
2026-04-14 02:00,5m,<-0.5bps,0,,,
2026-04-14 02:00,5m,"[-0.5,-0.1)bps",1,-0.1411908034699136642767362328,-11.53070998754879657417758383,-11.53070998754879657417758383
2026-04-14 02:00,5m,"[-0.1,0.1)bps",17697,-0.00004495929524485301370843696277,0.3527946914330751576930523857,-0.1934235846884009853588420536
2026-04-14 02:00,5m,"[0.1,0.5)bps",1,0.1915279827850202775476250332,12.82873334971644968453085440,12.82873334971644968453085440
2026-04-14 02:00,5m,>=0.5bps,0,,,
2026-04-14 12:00,1s,<-0.5bps,0,,,
2026-04-14 12:00,1s,"[-0.5,-0.1)bps",2,-0.1906671401764487854246180737,-0.5371746366753596398465417855,-0.5371746366753596398465417855
2026-04-14 12:00,1s,"[-0.1,0.1)bps",17990,-0.000003594031555505048548620895623,0.002766648198682212656814047017,0
2026-04-14 12:00,1s,"[0.1,0.5)bps",2,0.1814691271095741643510516061,0.841711120580430212064425222,0.841711120580430212064425222
2026-04-14 12:00,1s,>=0.5bps,1,1.405027568559677817720654827,4.213056584585601227308441803,4.213056584585601227308441803
2026-04-14 12:00,10s,<-0.5bps,0,,,
2026-04-14 12:00,10s,"[-0.5,-0.1)bps",2,-0.1906671401764487854246180737,-5.01897048213600050972191321,-5.01897048213600050972191321
2026-04-14 12:00,10s,"[-0.1,0.1)bps",17981,-0.000003881802005682913873039132350,0.02098039997012879184618702510,0
2026-04-14 12:00,10s,"[0.1,0.5)bps",2,0.1814691271095741643510516061,3.924898626699095127983598118,3.924898626699095127983598118
2026-04-14 12:00,10s,>=0.5bps,1,1.405027568559677817720654827,4.261190522080073345424311021,4.261190522080073345424311021
2026-04-14 12:00,1m,<-0.5bps,0,,,
2026-04-14 12:00,1m,"[-0.5,-0.1)bps",2,-0.1906671401764487854246180737,-0.8606651275334249048788489015,-0.8606651275334249048788489015
2026-04-14 12:00,1m,"[-0.1,0.1)bps",17931,-0.000004337314788132885545347187459,0.09495716668935381621920582014,0.3875810792739358692683710279
2026-04-14 12:00,1m,"[0.1,0.5)bps",2,0.1814691271095741643510516061,0.1218558455484825652527299165,0.1218558455484825652527299165
2026-04-14 12:00,1m,>=0.5bps,1,1.405027568559677817720654827,1.163236822783076187800172761,1.163236822783076187800172761
2026-04-14 12:00,5m,<-0.5bps,0,,,
2026-04-14 12:00,5m,"[-0.5,-0.1)bps",2,-0.1906671401764487854246180737,4.71240243580225248686823519,4.71240243580225248686823519
2026-04-14 12:00,5m,"[-0.1,0.1)bps",17691,-0.000003791911181711832203084610713,0.7193425879790737562615040868,2.015505968111265501763600959
2026-04-14 12:00,5m,"[0.1,0.5)bps",2,0.1814691271095741643510516061,-8.84756652469977172758696862,-8.84756652469977172758696862
2026-04-14 12:00,5m,>=0.5bps,1,1.405027568559677817720654827,9.039820872225721960594216132,9.039820872225721960594216132
2026-04-15 00:00,1s,<-0.5bps,0,,,
2026-04-15 00:00,1s,"[-0.5,-0.1)bps",0,,,
2026-04-15 00:00,1s,"[-0.1,0.1)bps",17993,6.886838144355724300180918285E-7,0.001742623094732779693820366229,0
2026-04-15 00:00,1s,"[0.1,0.5)bps",1,0.2578855615713348857116978140,-2.758600527218583016743578693,-2.758600527218583016743578693
2026-04-15 00:00,1s,>=0.5bps,0,,,
2026-04-15 00:00,10s,<-0.5bps,0,,,
2026-04-15 00:00,10s,"[-0.5,-0.1)bps",0,,,
2026-04-15 00:00,10s,"[-0.1,0.1)bps",17984,9.325233302045460847440461026E-7,0.01471870912916405934876838414,0
2026-04-15 00:00,10s,"[0.1,0.5)bps",1,0.2578855615713348857116978140,-10.03261572392912958106889266,-10.03261572392912958106889266
2026-04-15 00:00,10s,>=0.5bps,0,,,
2026-04-15 00:00,1m,<-0.5bps,0,,,
2026-04-15 00:00,1m,"[-0.5,-0.1)bps",0,,,
2026-04-15 00:00,1m,"[-0.1,0.1)bps",17934,0.000001554286228573406485047126170,0.07272518572522414550951750786,0
2026-04-15 00:00,1m,"[0.1,0.5)bps",1,0.2578855615713348857116978140,3.787208502122157724493858158,3.787208502122157724493858158
2026-04-15 00:00,1m,>=0.5bps,0,,,
2026-04-15 00:00,5m,<-0.5bps,0,,,
2026-04-15 00:00,5m,"[-0.5,-0.1)bps",0,,,
2026-04-15 00:00,5m,"[-0.1,0.1)bps",17694,0.000004258213414210941118289083363,0.06151819833877457716083926501,-0.2181138283561306041369326693
2026-04-15 00:00,5m,"[0.1,0.5)bps",1,0.2578855615713348857116978140,6.599452209257485184927151556,6.599452209257485184927151556
2026-04-15 00:00,5m,>=0.5bps,0,,,
2026-04-15 05:00,1s,<-0.5bps,0,,,
2026-04-15 05:00,1s,"[-0.5,-0.1)bps",2,-0.1471984433673662246488855672,0.2811162068634453667557721956,0.2811162068634453667557721956
2026-04-15 05:00,1s,"[-0.1,0.1)bps",17994,-0.00004081507854315738497123453620,-0.002595098198044872191143576917,0
2026-04-15 05:00,1s,"[0.1,0.5)bps",2,0.3205932996871868405861593836,0.05546956636551203386964468905,0.05546956636551203386964468905
2026-04-15 05:00,1s,>=0.5bps,0,,,
2026-04-15 05:00,10s,<-0.5bps,0,,,
2026-04-15 05:00,10s,"[-0.5,-0.1)bps",2,-0.1471984433673662246488855672,-0.083556429431492646541786987,-0.083556429431492646541786987
2026-04-15 05:00,10s,"[-0.1,0.1)bps",17985,-0.00004065113285236952724426514141,-0.02579450656974501925144993636,0
2026-04-15 05:00,10s,"[0.1,0.5)bps",2,0.3205932996871868405861593836,2.228773281509884385059669348,2.228773281509884385059669348
2026-04-15 05:00,10s,>=0.5bps,0,,,
2026-04-15 05:00,1m,<-0.5bps,0,,,
2026-04-15 05:00,1m,"[-0.5,-0.1)bps",2,-0.1471984433673662246488855672,3.364916913539831042757116103,3.364916913539831042757116103
2026-04-15 05:00,1m,"[-0.1,0.1)bps",17935,-0.00004109688119925956321933862447,-0.1555638824185528285143511678,-0.001352138789474762363297923297
2026-04-15 05:00,1m,"[0.1,0.5)bps",2,0.3205932996871868405861593836,-0.8680196026804507891762601915,-0.8680196026804507891762601915
2026-04-15 05:00,1m,>=0.5bps,0,,,
2026-04-15 05:00,5m,<-0.5bps,0,,,
2026-04-15 05:00,5m,"[-0.5,-0.1)bps",2,-0.1471984433673662246488855672,6.070018763734348309442310015,6.070018763734348309442310015
2026-04-15 05:00,5m,"[-0.1,0.1)bps",17695,-0.00004396604488670581572066408443,-0.9064241288465309545030993738,-0.3406946127731953375942241988
2026-04-15 05:00,5m,"[0.1,0.5)bps",2,0.3205932996871868405861593836,-3.343360256643484981175109279,-3.343360256643484981175109279
2026-04-15 05:00,5m,>=0.5bps,0,,,
2026-04-15 12:00,1s,<-0.5bps,0,,,
2026-04-15 12:00,1s,"[-0.5,-0.1)bps",2,-0.1724298671613186431071289916,-1.351892363021312599775434055,-1.351892363021312599775434055
2026-04-15 12:00,1s,"[-0.1,0.1)bps",17993,-0.000009306451393970184377163974968,-0.002033403076220340014891563268,0
2026-04-15 12:00,1s,"[0.1,0.5)bps",1,0.1613087679504369119741263728,1.601588840950006863469885437,1.601588840950006863469885437
2026-04-15 12:00,1s,>=0.5bps,0,,,
2026-04-15 12:00,10s,<-0.5bps,0,,,
2026-04-15 12:00,10s,"[-0.5,-0.1)bps",2,-0.1724298671613186431071289916,-2.325589767910432539100180405,-2.325589767910432539100180405
2026-04-15 12:00,10s,"[-0.1,0.1)bps",17984,-0.000009614324124918013723354154537,-0.01849537163841238974920618399,0
2026-04-15 12:00,10s,"[0.1,0.5)bps",1,0.1613087679504369119741263728,-1.193764363743512704306390157,-1.193764363743512704306390157
2026-04-15 12:00,10s,>=0.5bps,0,,,
2026-04-15 12:00,1m,<-0.5bps,0,,,
2026-04-15 12:00,1m,"[-0.5,-0.1)bps",2,-0.1724298671613186431071289916,1.011235776873285141713700764,1.011235776873285141713700764
2026-04-15 12:00,1m,"[-0.1,0.1)bps",17934,-0.000009899308529683435011000862373,-0.1067866985243180837962048966,0
2026-04-15 12:00,1m,"[0.1,0.5)bps",1,0.1613087679504369119741263728,6.854692206291934940112258414,6.854692206291934940112258414
2026-04-15 12:00,1m,>=0.5bps,0,,,
2026-04-15 12:00,5m,<-0.5bps,0,,,
2026-04-15 12:00,5m,"[-0.5,-0.1)bps",2,-0.1724298671613186431071289916,3.568805879365546299708573384,3.568805879365546299708573384
2026-04-15 12:00,5m,"[-0.1,0.1)bps",17694,-0.00001112607304694676663388312320,-0.6358652816645162982162985956,0.1563052065270224949767888328
2026-04-15 12:00,5m,"[0.1,0.5)bps",1,0.1613087679504369119741263728,-21.47155360126906334668733427,-21.47155360126906334668733427
2026-04-15 12:00,5m,>=0.5bps,0,,,
2026-04-16 12:00,1s,<-0.5bps,0,,,
2026-04-16 12:00,1s,"[-0.5,-0.1)bps",3,-0.1735739489834047387287652214,-4.206676527545537341918627327,-3.001643365787526976590645182
2026-04-16 12:00,1s,"[-0.1,0.1)bps",17984,-0.00005101999887986696169837876093,-0.003039558838840452582296376948,0
2026-04-16 12:00,1s,"[0.1,0.5)bps",6,0.219656284528523047057665275,1.629481743946785198579877311,1.101889944037729898471307475
2026-04-16 12:00,1s,>=0.5bps,1,0.7861855731561455952652752823,-0.0006782608577693763866195411023,-0.0006782608577693763866195411023
2026-04-16 12:00,10s,<-0.5bps,0,,,
2026-04-16 12:00,10s,"[-0.5,-0.1)bps",3,-0.1735739489834047387287652214,-5.01524041029304322051468471,-0.9588960254506760386755635738
2026-04-16 12:00,10s,"[-0.1,0.1)bps",17975,-0.00005074871995810579582518119088,-0.02838154840144550418458376624,0
2026-04-16 12:00,10s,"[0.1,0.5)bps",6,0.219656284528523047057665275,0.9585947800196446559839040178,0.5387223854414508453482292755
2026-04-16 12:00,10s,>=0.5bps,1,0.7861855731561455952652752823,-3.115252119734745743743552283,-3.115252119734745743743552283
2026-04-16 12:00,1m,<-0.5bps,0,,,
2026-04-16 12:00,1m,"[-0.5,-0.1)bps",3,-0.1735739489834047387287652214,-11.86917759043808146073637646,-5.708555233667409901633702126
2026-04-16 12:00,1m,"[-0.1,0.1)bps",17925,-0.00005011404157476728315152978739,-0.1829232852128917565196776032,0
2026-04-16 12:00,1m,"[0.1,0.5)bps",6,0.219656284528523047057665275,8.84711757982762216157450194,4.835759494216513882314546942
2026-04-16 12:00,1m,>=0.5bps,1,0.7861855731561455952652752823,-3.181721683796144629632267311,-3.181721683796144629632267311
2026-04-16 12:00,5m,<-0.5bps,0,,,
2026-04-16 12:00,5m,"[-0.5,-0.1)bps",3,-0.1735739489834047387287652214,-12.67038816861748661093059628,-5.961182231873961945817349186
2026-04-16 12:00,5m,"[-0.1,0.1)bps",17685,-0.00004864331728923870891242241733,-1.113893580775017112187168285,0.4628151749605219324566731093
2026-04-16 12:00,5m,"[0.1,0.5)bps",6,0.219656284528523047057665275,9.827218147212121262908123082,6.112459096660037592248054655
2026-04-16 12:00,5m,>=0.5bps,1,0.7861855731561455952652752823,-0.7128521615156145823371376985,-0.7128521615156145823371376985
2026-04-16 17:00,1s,<-0.5bps,0,,,
2026-04-16 17:00,1s,"[-0.5,-0.1)bps",1,-0.1138458056849222483718833860,-0.7521994003991387216927511297,-0.7521994003991387216927511297
2026-04-16 17:00,1s,"[-0.1,0.1)bps",17996,-0.00006947265004329174805596857240,0.006626830030771263880739353379,0
2026-04-16 17:00,1s,"[0.1,0.5)bps",1,0.1503352147908554990142131211,2.850713995748344689841651985,2.850713995748344689841651985
2026-04-16 17:00,1s,>=0.5bps,0,,,
2026-04-16 17:00,10s,<-0.5bps,0,,,
2026-04-16 17:00,10s,"[-0.5,-0.1)bps",1,-0.1138458056849222483718833860,-0.7521994003991387216927511297,-0.7521994003991387216927511297
2026-04-16 17:00,10s,"[-0.1,0.1)bps",17987,-0.00006948476729847796673004155440,0.05930211301900773909329578635,0
2026-04-16 17:00,10s,"[0.1,0.5)bps",1,0.1503352147908554990142131211,1.878078322053110165559622766,1.878078322053110165559622766
2026-04-16 17:00,10s,>=0.5bps,0,,,
2026-04-16 17:00,1m,<-0.5bps,0,,,
2026-04-16 17:00,1m,"[-0.5,-0.1)bps",1,-0.1138458056849222483718833860,-1.948789412017254881267756470,-1.948789412017254881267756470
2026-04-16 17:00,1m,"[-0.1,0.1)bps",17937,-0.00007111396260498505228664459854,0.3422702414356739221791701762,0.2335467795200293388137198190
2026-04-16 17:00,1m,"[0.1,0.5)bps",1,0.1503352147908554990142131211,-5.074071329188477234404265972,-5.074071329188477234404265972
2026-04-16 17:00,1m,>=0.5bps,0,,,
2026-04-16 17:00,5m,<-0.5bps,0,,,
2026-04-16 17:00,5m,"[-0.5,-0.1)bps",1,-0.1138458056849222483718833860,4.372617063613416678892405371,4.372617063613416678892405371
2026-04-16 17:00,5m,"[-0.1,0.1)bps",17697,-0.00007258172992922648492459854569,1.838956891500329877823250904,2.531745928636078512106242719
2026-04-16 17:00,5m,"[0.1,0.5)bps",1,0.1503352147908554990142131211,-9.661824821529337206667517335,-9.661824821529337206667517335
2026-04-16 17:00,5m,>=0.5bps,0,,,
2026-04-17 05:00,1s,<-0.5bps,0,,,
2026-04-17 05:00,1s,"[-0.5,-0.1)bps",0,,,
2026-04-17 05:00,1s,"[-0.1,0.1)bps",17997,-0.00003466656879804330344080021619,0.007659752993155027984107636712,0
2026-04-17 05:00,1s,"[0.1,0.5)bps",1,0.4066431127409029706591490992,6.566120390008802139871303776,6.566120390008802139871303776
2026-04-17 05:00,1s,>=0.5bps,0,,,
2026-04-17 05:00,10s,<-0.5bps,0,,,
2026-04-17 05:00,10s,"[-0.5,-0.1)bps",0,,,
2026-04-17 05:00,10s,"[-0.1,0.1)bps",17988,-0.00003450609479991146736560298441,0.07374388355859306128552238242,0
2026-04-17 05:00,10s,"[0.1,0.5)bps",1,0.4066431127409029706591490992,3.949178782730007480465527769,3.949178782730007480465527769
2026-04-17 05:00,10s,>=0.5bps,0,,,
2026-04-17 05:00,1m,<-0.5bps,0,,,
2026-04-17 05:00,1m,"[-0.5,-0.1)bps",0,,,
2026-04-17 05:00,1m,"[-0.1,0.1)bps",17938,-0.00003458863544329983770736928049,0.4409831399573005806381406323,0.1898045637251466075894311472
2026-04-17 05:00,1m,"[0.1,0.5)bps",1,0.4066431127409029706591490992,10.76616643075241758465928232,10.76616643075241758465928232
2026-04-17 05:00,1m,>=0.5bps,0,,,
2026-04-17 05:00,5m,<-0.5bps,0,,,
2026-04-17 05:00,5m,"[-0.5,-0.1)bps",0,,,
2026-04-17 05:00,5m,"[-0.1,0.1)bps",17698,-0.00003493955793110184651280512317,2.333916190724193777956321310,1.749761279226544025644629633
2026-04-17 05:00,5m,"[0.1,0.5)bps",1,0.4066431127409029706591490992,1.028555757855792653722048189,1.028555757855792653722048189
2026-04-17 05:00,5m,>=0.5bps,0,,,
2026-04-17 12:00,1s,<-0.5bps,1,-2.185983472316118183929448555,1.663596286984337651114917950,1.663596286984337651114917950
2026-04-17 12:00,1s,"[-0.5,-0.1)bps",8,-0.1878509465522556837030864034,0.8388688072485186384116462728,0.583718090958165940572202757
2026-04-17 12:00,1s,"[-0.1,0.1)bps",17979,0.00001729581171639819313110625361,0.02091433921691313004705672027,0
2026-04-17 12:00,1s,"[0.1,0.5)bps",7,0.2056870156901875133223859679,2.874719406139828199898263647,1.108895618847164958019086971
2026-04-17 12:00,1s,>=0.5bps,1,0.9276581058877620726874669537,-5.997933275345467818205361627,-5.997933275345467818205361627
2026-04-17 12:00,10s,<-0.5bps,1,-2.185983472316118183929448555,14.42636575020776906684782694,14.42636575020776906684782694
2026-04-17 12:00,10s,"[-0.5,-0.1)bps",8,-0.1878509465522556837030864034,4.703149716902343778241862295,0.080950605864381232948129659
2026-04-17 12:00,10s,"[-0.1,0.1)bps",17970,0.00001735075787377842489410843297,0.1665320923582556008605323543,0
2026-04-17 12:00,10s,"[0.1,0.5)bps",7,0.2056870156901875133223859679,1.780134700759283091781091109,1.657810429345238861083591730
2026-04-17 12:00,10s,>=0.5bps,1,0.9276581058877620726874669537,-15.36610891857249972432123378,-15.36610891857249972432123378
2026-04-17 12:00,1m,<-0.5bps,1,-2.185983472316118183929448555,33.70177014519947142919392952,33.70177014519947142919392952
2026-04-17 12:00,1m,"[-0.5,-0.1)bps",8,-0.1878509465522556837030864034,-2.449953136455985596214631142,1.149866028678366767328403646
2026-04-17 12:00,1m,"[-0.1,0.1)bps",17920,0.00001737169839100134269073803188,0.9842645237317593955085843086,1.034400633285993851665494148
2026-04-17 12:00,1m,"[0.1,0.5)bps",7,0.2056870156901875133223859679,-0.4912628186919895189835688043,-3.774124622280409247788577638
2026-04-17 12:00,1m,>=0.5bps,1,0.9276581058877620726874669537,-13.90192294028415535719176450,-13.90192294028415535719176450
2026-04-17 12:00,5m,<-0.5bps,1,-2.185983472316118183929448555,47.30585339142642192529343607,47.30585339142642192529343607
2026-04-17 12:00,5m,"[-0.5,-0.1)bps",8,-0.1878509465522556837030864034,9.388230170891369264141014072,12.66446697663819281252049579
2026-04-17 12:00,5m,"[-0.1,0.1)bps",17680,0.00001923998547052962499821895857,4.983604419001828967847961761,3.568015832571661243338358107
2026-04-17 12:00,5m,"[0.1,0.5)bps",7,0.2056870156901875133223859679,12.08872718962643080882728676,15.92900428444604557209577603
2026-04-17 12:00,5m,>=0.5bps,1,0.9276581058877620726874669537,12.13705591288302598609820779,12.13705591288302598609820779
2026-04-18 13:00,1s,<-0.5bps,0,,,
2026-04-18 13:00,1s,"[-0.5,-0.1)bps",1,-0.1410946835007276056036757005,-1.375123002609106282168644821,-1.375123002609106282168644821
2026-04-18 13:00,1s,"[-0.1,0.1)bps",17995,-0.00001613442054056057322472395497,-0.005141025871800698973325090919,0
2026-04-18 13:00,1s,"[0.1,0.5)bps",1,0.1465076447560119240072742854,6.561950246848840657480856651,6.561950246848840657480856651
2026-04-18 13:00,1s,>=0.5bps,1,0.5672296904534368252920534427,1.771344820407842919144632875,1.771344820407842919144632875
2026-04-18 13:00,10s,<-0.5bps,0,,,
2026-04-18 13:00,10s,"[-0.5,-0.1)bps",1,-0.1410946835007276056036757005,0.6272143767296211387733243285,0.6272143767296211387733243285
2026-04-18 13:00,10s,"[-0.1,0.1)bps",17986,-0.00001599231487498504014410328592,-0.02997243676875185534607105705,0
2026-04-18 13:00,10s,"[0.1,0.5)bps",1,0.1465076447560119240072742854,5.544328629725818684150825986,5.544328629725818684150825986
2026-04-18 13:00,10s,>=0.5bps,1,0.5672296904534368252920534427,11.55591620932735618680070018,11.55591620932735618680070018
2026-04-18 13:00,1m,<-0.5bps,0,,,
2026-04-18 13:00,1m,"[-0.5,-0.1)bps",1,-0.1410946835007276056036757005,24.56029040487314572742358009,24.56029040487314572742358009
2026-04-18 13:00,1m,"[-0.1,0.1)bps",17936,-0.00001538519921505412113295692052,-0.1515792626375536500492841451,0
2026-04-18 13:00,1m,"[0.1,0.5)bps",1,0.1465076447560119240072742854,1.153041548083837558928213040,1.153041548083837558928213040
2026-04-18 13:00,1m,>=0.5bps,1,0.5672296904534368252920534427,7.835301307533203983865210149,7.835301307533203983865210149
2026-04-18 13:00,5m,<-0.5bps,0,,,
2026-04-18 13:00,5m,"[-0.5,-0.1)bps",1,-0.1410946835007276056036757005,37.53986867410442229005136431,37.53986867410442229005136431
2026-04-18 13:00,5m,"[-0.1,0.1)bps",17696,-0.00001273082156130920331757675225,-0.7110763410191137073053361279,-0.3860804173885085733241490995
2026-04-18 13:00,5m,"[0.1,0.5)bps",1,0.1465076447560119240072742854,2.141738519758918339217855236,2.141738519758918339217855236
2026-04-18 13:00,5m,>=0.5bps,1,0.5672296904534368252920534427,23.67723935909739437681051309,23.67723935909739437681051309
2026-04-18 19:00,1s,<-0.5bps,0,,,
2026-04-18 19:00,1s,"[-0.5,-0.1)bps",0,,,
2026-04-18 19:00,1s,"[-0.1,0.1)bps",17996,0.00001140135379061341037296569161,0.0002654787232815619946323995460,0
2026-04-18 19:00,1s,"[0.1,0.5)bps",1,0.2720726875237215272480373452,-1.732117713612527244768203697,-1.732117713612527244768203697
2026-04-18 19:00,1s,>=0.5bps,0,,,
2026-04-18 19:00,10s,<-0.5bps,0,,,
2026-04-18 19:00,10s,"[-0.5,-0.1)bps",0,,,
2026-04-18 19:00,10s,"[-0.1,0.1)bps",17987,0.000006948840180732034310249223206,0.005097103365263819117765311229,0
2026-04-18 19:00,10s,"[0.1,0.5)bps",1,0.2720726875237215272480373452,-3.535418346962555609184415765,-3.535418346962555609184415765
2026-04-18 19:00,10s,>=0.5bps,0,,,
2026-04-18 19:00,1m,<-0.5bps,0,,,
2026-04-18 19:00,1m,"[-0.5,-0.1)bps",0,,,
2026-04-18 19:00,1m,"[-0.1,0.1)bps",17937,0.000006978090939346823359722418582,0.02729317292711987488816867640,0
2026-04-18 19:00,1m,"[0.1,0.5)bps",1,0.2720726875237215272480373452,-4.504296976722987515504529705,-4.504296976722987515504529705
2026-04-18 19:00,1m,>=0.5bps,0,,,
2026-04-18 19:00,5m,<-0.5bps,0,,,
2026-04-18 19:00,5m,"[-0.5,-0.1)bps",0,,,
2026-04-18 19:00,5m,"[-0.1,0.1)bps",17697,0.000005428827104143236739615564487,0.04194319615815540183763528761,0.6292082838370440243317613459
2026-04-18 19:00,5m,"[0.1,0.5)bps",1,0.2720726875237215272480373452,-6.767650183932050893942129209,-6.767650183932050893942129209
2026-04-18 19:00,5m,>=0.5bps,0,,,
2026-04-19 13:00,1s,<-0.5bps,0,,,
2026-04-19 13:00,1s,"[-0.5,-0.1)bps",4,-0.2517199683619141158344084662,-1.336166534007484113975815023,-1.423563679632651902810234035
2026-04-19 13:00,1s,"[-0.1,0.1)bps",17991,0.00001581282484772497295312125290,-0.005634692423247364547637313373,0
2026-04-19 13:00,1s,"[0.1,0.5)bps",1,0.1171314177524724517053182527,-2.394712400434804121382617438,-2.394712400434804121382617438
2026-04-19 13:00,1s,>=0.5bps,0,,,
2026-04-19 13:00,10s,<-0.5bps,0,,,
2026-04-19 13:00,10s,"[-0.5,-0.1)bps",4,-0.2517199683619141158344084662,-3.224099898592951368298513168,-4.056837563726372323565041989
2026-04-19 13:00,10s,"[-0.1,0.1)bps",17982,0.00001575298542795784584009996566,-0.05646052887190917016366093271,0
2026-04-19 13:00,10s,"[0.1,0.5)bps",1,0.1171314177524724517053182527,-6.347719299484024717747249560,-6.347719299484024717747249560
2026-04-19 13:00,10s,>=0.5bps,0,,,
2026-04-19 13:00,1m,<-0.5bps,0,,,
2026-04-19 13:00,1m,"[-0.5,-0.1)bps",4,-0.2517199683619141158344084662,-0.3910862084710202518727691198,-5.476103252886957579160509625
2026-04-19 13:00,1m,"[-0.1,0.1)bps",17932,0.00001612853976354450029712960101,-0.3522854041642837062750964843,0.1668715441789700878267795026
2026-04-19 13:00,1m,"[0.1,0.5)bps",1,0.1171314177524724517053182527,4.517722170341966395845293854,4.517722170341966395845293854
2026-04-19 13:00,1m,>=0.5bps,0,,,
2026-04-19 13:00,5m,<-0.5bps,0,,,
2026-04-19 13:00,5m,"[-0.5,-0.1)bps",4,-0.2517199683619141158344084662,5.343476376185982160912090695,3.938249549725427520744448673
2026-04-19 13:00,5m,"[-0.1,0.1)bps",17692,0.00001878255626157400332811413415,-1.813456724949667624178533034,-0.3941443078039412110119651936
2026-04-19 13:00,5m,"[0.1,0.5)bps",1,0.1171314177524724517053182527,8.015227600565434484138260146,8.015227600565434484138260146
2026-04-19 13:00,5m,>=0.5bps,0,,,
2026-04-20 03:00,1s,<-0.5bps,0,,,
2026-04-20 03:00,1s,"[-0.5,-0.1)bps",1,-0.1296046223678366393391172260,-2.516879340207542069356307611,-2.516879340207542069356307611
2026-04-20 03:00,1s,"[-0.1,0.1)bps",17997,-0.00009291050650271002178522316636,0.003874678769553554840271590254,0
2026-04-20 03:00,1s,"[0.1,0.5)bps",0,,,
2026-04-20 03:00,1s,>=0.5bps,0,,,
2026-04-20 03:00,10s,<-0.5bps,0,,,
2026-04-20 03:00,10s,"[-0.5,-0.1)bps",1,-0.1296046223678366393391172260,-7.087717920631884610068737666,-7.087717920631884610068737666
2026-04-20 03:00,10s,"[-0.1,0.1)bps",17988,-0.00009319850498204479563037723732,0.03212950183118278672027188963,0
2026-04-20 03:00,10s,"[0.1,0.5)bps",0,,,
2026-04-20 03:00,10s,>=0.5bps,0,,,
2026-04-20 03:00,1m,<-0.5bps,0,,,
2026-04-20 03:00,1m,"[-0.5,-0.1)bps",1,-0.1296046223678366393391172260,-19.94204081177880961356385074,-19.94204081177880961356385074
2026-04-20 03:00,1m,"[-0.1,0.1)bps",17938,-0.00009385892025284287434191809845,0.1803840408084771929762197671,0
2026-04-20 03:00,1m,"[0.1,0.5)bps",0,,,
2026-04-20 03:00,1m,>=0.5bps,0,,,
2026-04-20 03:00,5m,<-0.5bps,0,,,
2026-04-20 03:00,5m,"[-0.5,-0.1)bps",1,-0.1296046223678366393391172260,-19.12894619488962737982713582,-19.12894619488962737982713582
2026-04-20 03:00,5m,"[-0.1,0.1)bps",17698,-0.00009410005365040177754214766217,0.8648524795497456115503006391,-0.0659904011421700879269266968
2026-04-20 03:00,5m,"[0.1,0.5)bps",0,,,
2026-04-20 03:00,5m,>=0.5bps,0,,,
2026-04-20 13:00,1s,<-0.5bps,1,-0.8045539758056484829839373463,7.200422322407894294438036127,7.200422322407894294438036127
2026-04-20 13:00,1s,"[-0.5,-0.1)bps",2,-0.2891626247566937742325985936,1.932083073233282107073534752,1.932083073233282107073534752
2026-04-20 13:00,1s,"[-0.1,0.1)bps",17993,-0.00005241114694240176153571078379,0.003281989848379104924314051167,0
2026-04-20 13:00,1s,"[0.1,0.5)bps",1,0.1071025693070857369358661899,0.2253628859197736129797820821,0.2253628859197736129797820821
2026-04-20 13:00,1s,>=0.5bps,1,0.5003286722374707002834223614,0.4998255595503936159514541767,0.4998255595503936159514541767
2026-04-20 13:00,10s,<-0.5bps,1,-0.8045539758056484829839373463,8.778306945683969301142722047,8.778306945683969301142722047
2026-04-20 13:00,10s,"[-0.5,-0.1)bps",2,-0.2891626247566937742325985936,3.140077039646551449412224440,3.140077039646551449412224440
2026-04-20 13:00,10s,"[-0.1,0.1)bps",17984,-0.00005248626648581487441856893686,0.04347216159039332114158241294,0
2026-04-20 13:00,10s,"[0.1,0.5)bps",1,0.1071025693070857369358661899,0.3200419681700927048233591698,0.3200419681700927048233591698
2026-04-20 13:00,10s,>=0.5bps,1,0.5003286722374707002834223614,-4.551602967820605694196221013,-4.551602967820605694196221013
2026-04-20 13:00,1m,<-0.5bps,1,-0.8045539758056484829839373463,11.29736268234032059120901173,11.29736268234032059120901173
2026-04-20 13:00,1m,"[-0.5,-0.1)bps",2,-0.2891626247566937742325985936,-0.828754010212253275385413985,-0.828754010212253275385413985
2026-04-20 13:00,1m,"[-0.1,0.1)bps",17934,-0.00005171394285656190114131073155,0.2807845815952561755166433598,0.2925269915476869003520414986
2026-04-20 13:00,1m,"[0.1,0.5)bps",1,0.1071025693070857369358661899,-1.142816528007372700140078369,-1.142816528007372700140078369
2026-04-20 13:00,1m,>=0.5bps,1,0.5003286722374707002834223614,7.103903697439636924586625319,7.103903697439636924586625319
2026-04-20 13:00,5m,<-0.5bps,1,-0.8045539758056484829839373463,10.54680850331554330194596063,10.54680850331554330194596063
2026-04-20 13:00,5m,"[-0.5,-0.1)bps",2,-0.2891626247566937742325985936,1.063263161983672157129122002,1.063263161983672157129122002
2026-04-20 13:00,5m,"[-0.1,0.1)bps",17694,-0.00005370845029274404965188185055,1.477657583975084145280397667,0.007956727602159906752456987755
2026-04-20 13:00,5m,"[0.1,0.5)bps",1,0.1071025693070857369358661899,1.976259153450322452284242874,1.976259153450322452284242874
2026-04-20 13:00,5m,>=0.5bps,1,0.5003286722374707002834223614,33.25036361977126466966415777,33.25036361977126466966415777
2026-05-06 18:00,1s,<-0.5bps,0,,,
2026-05-06 18:00,1s,"[-0.5,-0.1)bps",0,,,
2026-05-06 18:00,1s,"[-0.1,0.1)bps",16360,-0.00002967761239307578096966133488,-0.001738668244966698653775147880,0
2026-05-06 18:00,1s,"[0.1,0.5)bps",0,,,
2026-05-06 18:00,1s,>=0.5bps,0,,,
2026-05-06 18:00,10s,<-0.5bps,0,,,
2026-05-06 18:00,10s,"[-0.5,-0.1)bps",0,,,
2026-05-06 18:00,10s,"[-0.1,0.1)bps",16351,-0.00002946076402201747946285415222,-0.01296467640719262212869573054,0
2026-05-06 18:00,10s,"[0.1,0.5)bps",0,,,
2026-05-06 18:00,10s,>=0.5bps,0,,,
2026-05-06 18:00,1m,<-0.5bps,0,,,
2026-05-06 18:00,1m,"[-0.5,-0.1)bps",0,,,
2026-05-06 18:00,1m,"[-0.1,0.1)bps",16301,-0.00002985785008842726226592253283,-0.07228127588027984800753919201,0
2026-05-06 18:00,1m,"[0.1,0.5)bps",0,,,
2026-05-06 18:00,1m,>=0.5bps,0,,,
2026-05-06 18:00,5m,<-0.5bps,0,,,
2026-05-06 18:00,5m,"[-0.5,-0.1)bps",0,,,
2026-05-06 18:00,5m,"[-0.1,0.1)bps",16061,-0.00002859643480379856704379349850,-0.2891138921052056731253782156,0.5810696238728953808711756973
2026-05-06 18:00,5m,"[0.1,0.5)bps",0,,,
2026-05-06 18:00,5m,>=0.5bps,0,,,
2026-05-07 16:00,1s,<-0.5bps,1,-0.5765618898156146395230257082,4.964175753309429558968074714,4.964175753309429558968074714
2026-05-07 16:00,1s,"[-0.5,-0.1)bps",1,-0.1215299826003051555811676228,-0.7322802677351388428961297865,-0.7322802677351388428961297865
2026-05-07 16:00,1s,"[-0.1,0.1)bps",17996,-0.00002730195596609110517272907165,0.0004901967609170840377047306924,0
2026-05-07 16:00,1s,"[0.1,0.5)bps",0,,,
2026-05-07 16:00,1s,>=0.5bps,0,,,
2026-05-07 16:00,10s,<-0.5bps,1,-0.5765618898156146395230257082,10.84629363743585400284342157,10.84629363743585400284342157
2026-05-07 16:00,10s,"[-0.5,-0.1)bps",1,-0.1215299826003051555811676228,-1.121499081250238193805145959,-1.121499081250238193805145959
2026-05-07 16:00,10s,"[-0.1,0.1)bps",17987,-0.00002748917681227941890156413553,0.001813865753030938067895992676,0
2026-05-07 16:00,10s,"[0.1,0.5)bps",0,,,
2026-05-07 16:00,10s,>=0.5bps,0,,,
2026-05-07 16:00,1m,<-0.5bps,1,-0.5765618898156146395230257082,-5.636453699903669481521655266,-5.636453699903669481521655266
2026-05-07 16:00,1m,"[-0.5,-0.1)bps",1,-0.1215299826003051555811676228,-4.231507100779541661164688647,-4.231507100779541661164688647
2026-05-07 16:00,1m,"[-0.1,0.1)bps",17937,-0.00002835182875376896501083941480,0.01159491019446726379696292688,0.008735911704393221356833102216
2026-05-07 16:00,1m,"[0.1,0.5)bps",0,,,
2026-05-07 16:00,1m,>=0.5bps,0,,,
2026-05-07 16:00,5m,<-0.5bps,1,-0.5765618898156146395230257082,20.30216568999969590418116672,20.30216568999969590418116672
2026-05-07 16:00,5m,"[-0.5,-0.1)bps",1,-0.1215299826003051555811676228,-4.696823182321631590296300931,-4.696823182321631590296300931
2026-05-07 16:00,5m,"[-0.1,0.1)bps",17697,-0.00002496861233864595887923674767,0.04114675623886104437598962842,0.01995285763268198268802778036
2026-05-07 16:00,5m,"[0.1,0.5)bps",0,,,
2026-05-07 16:00,5m,>=0.5bps,0,,,
2026-05-08 07:00,1s,<-0.5bps,0,,,
2026-05-08 07:00,1s,"[-0.5,-0.1)bps",0,,,
2026-05-08 07:00,1s,"[-0.1,0.1)bps",17997,-0.000002257626809362012201876934461,0.005005901348011444596808172865,0
2026-05-08 07:00,1s,"[0.1,0.5)bps",1,0.1889621409450653201207297689,1.188813435670829088696066332,1.188813435670829088696066332
2026-05-08 07:00,1s,>=0.5bps,0,,,
2026-05-08 07:00,10s,<-0.5bps,0,,,
2026-05-08 07:00,10s,"[-0.5,-0.1)bps",0,,,
2026-05-08 07:00,10s,"[-0.1,0.1)bps",17988,-0.000002077712418393533925924389575,0.05060260895514696474896843690,0
2026-05-08 07:00,10s,"[0.1,0.5)bps",1,0.1889621409450653201207297689,3.924281341173075990189611648,3.924281341173075990189611648
2026-05-08 07:00,10s,>=0.5bps,0,,,
2026-05-08 07:00,1m,<-0.5bps,0,,,
2026-05-08 07:00,1m,"[-0.5,-0.1)bps",0,,,
2026-05-08 07:00,1m,"[-0.1,0.1)bps",17938,-8.652520186751115913527713218E-7,0.3150004544478999815969591577,0.2416254924265960224804356279
2026-05-08 07:00,1m,"[0.1,0.5)bps",1,0.1889621409450653201207297689,6.155747790111113421117787030,6.155747790111113421117787030
2026-05-08 07:00,1m,>=0.5bps,0,,,
2026-05-08 07:00,5m,<-0.5bps,0,,,
2026-05-08 07:00,5m,"[-0.5,-0.1)bps",0,,,
2026-05-08 07:00,5m,"[-0.1,0.1)bps",17698,-8.093758537909325785809852187E-7,1.648471495020678680003961466,1.727135620241209283777656654
2026-05-08 07:00,5m,"[0.1,0.5)bps",1,0.1889621409450653201207297689,15.62341515166978832568826124,15.62341515166978832568826124
2026-05-08 07:00,5m,>=0.5bps,0,,,
2026-05-09 07:00,1s,<-0.5bps,0,,,
2026-05-09 07:00,1s,"[-0.5,-0.1)bps",1,-0.4540867681850026371919107156,-3.460949051688741201785109281,-3.460949051688741201785109281
2026-05-09 07:00,1s,"[-0.1,0.1)bps",17995,-0.00001712417757505382030609107488,0.0007031420457263972848528874887,0
2026-05-09 07:00,1s,"[0.1,0.5)bps",1,0.2040902728968022551149320892,1.627594223742279836245694293,1.627594223742279836245694293
2026-05-09 07:00,1s,>=0.5bps,0,,,
2026-05-09 07:00,10s,<-0.5bps,0,,,
2026-05-09 07:00,10s,"[-0.5,-0.1)bps",1,-0.4540867681850026371919107156,-3.174250588916037986798408350,-3.174250588916037986798408350
2026-05-09 07:00,10s,"[-0.1,0.1)bps",17986,-0.00001690586304602221204483179532,0.006275216715205614257755128867,0
2026-05-09 07:00,10s,"[0.1,0.5)bps",1,0.2040902728968022551149320892,1.327134470450905312664528208,1.327134470450905312664528208
2026-05-09 07:00,10s,>=0.5bps,0,,,
2026-05-09 07:00,1m,<-0.5bps,0,,,
2026-05-09 07:00,1m,"[-0.5,-0.1)bps",1,-0.4540867681850026371919107156,-1.477743598334955049420582407,-1.477743598334955049420582407
2026-05-09 07:00,1m,"[-0.1,0.1)bps",17936,-0.00001760464439415320039684085739,0.04422437425960962584123862887,0
2026-05-09 07:00,1m,"[0.1,0.5)bps",1,0.2040902728968022551149320892,1.327134470450905312664528208,1.327134470450905312664528208
2026-05-09 07:00,1m,>=0.5bps,0,,,
2026-05-09 07:00,5m,<-0.5bps,0,,,
2026-05-09 07:00,5m,"[-0.5,-0.1)bps",1,-0.4540867681850026371919107156,-1.724553579330586512756959730,-1.724553579330586512756959730
2026-05-09 07:00,5m,"[-0.1,0.1)bps",17696,-0.00002394787342752922541233406046,0.2577948116015377616189861043,0.05974478149559733859402730175
2026-05-09 07:00,5m,"[0.1,0.5)bps",1,0.2040902728968022551149320892,1.347082005939129347425103550,1.347082005939129347425103550
2026-05-09 07:00,5m,>=0.5bps,0,,,
2026-05-09 13:00,1s,<-0.5bps,0,,,
2026-05-09 13:00,1s,"[-0.5,-0.1)bps",0,,,
2026-05-09 13:00,1s,"[-0.1,0.1)bps",17988,-0.00002790137472685106174927141106,0.002674388245720356964690692996,0
2026-05-09 13:00,1s,"[0.1,0.5)bps",0,,,
2026-05-09 13:00,1s,>=0.5bps,0,,,
2026-05-09 13:00,10s,<-0.5bps,0,,,
2026-05-09 13:00,10s,"[-0.5,-0.1)bps",0,,,
2026-05-09 13:00,10s,"[-0.1,0.1)bps",17979,-0.00002768572273817753988495941140,0.02854716024564609142267044767,0
2026-05-09 13:00,10s,"[0.1,0.5)bps",0,,,
2026-05-09 13:00,10s,>=0.5bps,0,,,
2026-05-09 13:00,1m,<-0.5bps,0,,,
2026-05-09 13:00,1m,"[-0.5,-0.1)bps",0,,,
2026-05-09 13:00,1m,"[-0.1,0.1)bps",17929,-0.00002617040874330694575647548634,0.1743684894692189803157576571,0
2026-05-09 13:00,1m,"[0.1,0.5)bps",0,,,
2026-05-09 13:00,1m,>=0.5bps,0,,,
2026-05-09 13:00,5m,<-0.5bps,0,,,
2026-05-09 13:00,5m,"[-0.5,-0.1)bps",0,,,
2026-05-09 13:00,5m,"[-0.1,0.1)bps",17689,-0.00002326409318640203247817795511,0.8137601394695209947449034326,0.7454248924998371327499066508
2026-05-09 13:00,5m,"[0.1,0.5)bps",0,,,
2026-05-09 13:00,5m,>=0.5bps,0,,,
pooled,1s,<-0.5bps,4,-1.097132296132103134799480150,5.309075688269468267754660778,6.08229903785866192670305542
pooled,1s,"[-0.5,-0.1)bps",33,-0.203049971464867712642979117,-1.685645017520641520878837729,-1.244584859146501998516071899
pooled,1s,"[-0.1,0.1)bps",430207,-0.00002314123413929120724029772957,0.001799906916637612162240302775,0
pooled,1s,"[0.1,0.5)bps",33,0.214380784788863869530735389,1.439275772023883356558875562,0.7348155755390411654134318045
pooled,1s,>=0.5bps,6,0.792974837513935573318628456,0.1900062867279778788238697427,0.577123925788830160541062473
pooled,10s,<-0.5bps,4,-1.097132296132103134799480150,12.14394751144368712076481192,12.63632969382181153484562426
pooled,10s,"[-0.5,-0.1)bps",33,-0.203049971464867712642979117,-2.154802928238539169555685937,-1.304372702160090052502769140
pooled,10s,"[-0.1,0.1)bps",429991,-0.00002329008076910403785525184550,0.01623253157667753432782019308,0
pooled,10s,"[0.1,0.5)bps",33,0.214380784788863869530735389,0.5410508807521940432748928330,0.7590253080913556231776763564
pooled,10s,>=0.5bps,6,0.792974837513935573318628456,-0.4864804245617671265842681248,0.572969201172663800840379369
pooled,1m,<-0.5bps,4,-1.097132296132103134799480150,16.51469178867005028350901942,18.99672535469219959318190172
pooled,1m,"[-0.5,-0.1)bps",33,-0.203049971464867712642979117,-2.606938681162080196507064228,-2.735589655386982870007283989
pooled,1m,"[-0.1,0.1)bps",428791,-0.00002322895449173664303043323451,0.09622090172818049340169603520,0
pooled,1m,"[0.1,0.5)bps",33,0.214380784788863869530735389,2.165070754062446500543639264,1.327134470450905312664528208
pooled,1m,>=0.5bps,6,0.792974837513935573318628456,-0.2845538902689163941143102153,0.2185581387469803568431675272
pooled,5m,<-0.5bps,4,-1.097132296132103134799480150,29.96651604969625696122597902,31.00670115202153130883225969
pooled,5m,"[-0.5,-0.1)bps",33,-0.203049971464867712642979117,1.711225868449990536714519176,3.882009912947085030500231036
pooled,5m,"[-0.1,0.1)bps",423031,-0.00002321027378219114179397660175,0.4848205565777308455017094475,0.4231395126798216189817951998
pooled,5m,"[0.1,0.5)bps",33,0.214380784788863869530735389,5.053027752649668907770438903,1.976259153450322452284242874
pooled,5m,>=0.5bps,6,0.792974837513935573318628456,13.39686059897670856272886374,10.58843839255437397334621196
