horizon,side,bucket,n,avg_side_aligned_skew_bps,avg_mid_move_bps,median_mid_move_bps,avg_fill_edge_bps
1s,all,<-0.05bps,1,-0.07129792053199356442535486451,-0.7866951450309167858543145929,-0.7866951450309167858543145929,0.1713395358245301813258973308
1s,all,"[-0.05,-0.01)bps",3,-0.03125491281372363884628850032,-0.6623407878676950429846616197,-0.4160448541330577504693681705,0.07245306864689731850844532457
1s,all,"[-0.01,0.0)bps",857,-0.0005806301497928901422855375912,-1.191424475082897157537749799,-1.000321752284799916541520292,0.2226881082804435023264610884
1s,all,"[0.0,0.01)bps",66,0.0002860629948378529320455839906,-1.429641034732490608132820726,-1.030813191601150864042041410,0.3404848400384607822215111680
1s,all,"[0.01,0.05)bps",0,,,,
1s,all,>=0.05bps,0,,,,
1s,buy,<-0.05bps,1,-0.07129792053199356442535486451,-0.7866951450309167858543145929,-0.7866951450309167858543145929,0.1713395358245301813258973308
1s,buy,"[-0.05,-0.01)bps",0,,,,
1s,buy,"[-0.01,0.0)bps",416,-0.0005868331241204659986968277579,-1.252699708567830029009198934,-1.003756934597046146053486933,0.2225610289751889673408085450
1s,buy,"[0.0,0.01)bps",25,0.0003111709283393719713290981565,-0.9208944267192067510495989848,-0.6947967560617309971498505022,0.3240316385506651546985597252
1s,buy,"[0.01,0.05)bps",0,,,,
1s,buy,>=0.05bps,0,,,,
1s,sell,<-0.05bps,0,,,,
1s,sell,"[-0.05,-0.01)bps",3,-0.03125491281372363884628850032,-0.6623407878676950429846616197,-0.4160448541330577504693681705,0.07245306864689731850844532457
1s,sell,"[-0.01,0.0)bps",441,-0.0005747788180008911484825972066,-1.133622894289853904630441775,-1.000270275731935946746691893,0.2228079835434500478004553259
1s,sell,"[0.0,0.01)bps",41,0.0002707532792881462007751485246,-1.73985238108205393562259008,-1.140698049972024946014834266,0.3505172799700434819306279017
1s,sell,"[0.01,0.05)bps",0,,,,
1s,sell,>=0.05bps,0,,,,
5s,all,<-0.05bps,1,-0.07129792053199356442535486451,-1.984071823400007080256305278,-1.984071823400007080256305278,0.1713395358245301813258973308
5s,all,"[-0.05,-0.01)bps",3,-0.03125491281372363884628850032,-1.135848830183844973736227172,0.1680230527628390615192404398,0.07245306864689731850844532457
5s,all,"[-0.01,0.0)bps",856,-0.0005806018149812999221918027536,-1.472947495879080690015619978,-1.281590615553328311016584072,0.2227171575971435241462564811
5s,all,"[0.0,0.01)bps",66,0.0002860629948378529320455839906,-1.165809352259889825077718396,-0.814946853056461771894343565,0.3404848400384607822215111680
5s,all,"[0.01,0.05)bps",0,,,,
5s,all,>=0.05bps,0,,,,
5s,buy,<-0.05bps,1,-0.07129792053199356442535486451,-1.984071823400007080256305278,-1.984071823400007080256305278,0.1713395358245301813258973308
5s,buy,"[-0.05,-0.01)bps",0,,,,
5s,buy,"[-0.01,0.0)bps",416,-0.0005868331241204659986968277579,-1.542574515427570693386306897,-1.306983132346984660517002668,0.2225610289751889673408085450
5s,buy,"[0.0,0.01)bps",25,0.0003111709283393719713290981565,-0.785656983875681368072104784,-0.7506028527815173463192047376,0.3240316385506651546985597252
5s,buy,"[0.01,0.05)bps",0,,,,
5s,buy,>=0.05bps,0,,,,
5s,sell,<-0.05bps,0,,,,
5s,sell,"[-0.05,-0.01)bps",3,-0.03125491281372363884628850032,-1.135848830183844973736227172,0.1680230527628390615192404398,0.07245306864689731850844532457
5s,sell,"[-0.01,0.0)bps",440,-0.0005747103954315429044052336580,-1.407118313760508323192425068,-1.257714720377623901644777920,0.2228647701124460142168618038
5s,sell,"[0.0,0.01)bps",41,0.0002707532792881462007751485246,-1.397609576884407176910409623,-0.8792908533314061974694823920,0.3505172799700434819306279017
5s,sell,"[0.01,0.05)bps",0,,,,
5s,sell,>=0.05bps,0,,,,
30s,all,<-0.05bps,1,-0.07129792053199356442535486451,-1.814732359978097873809698578,-1.814732359978097873809698578,0.1713395358245301813258973308
30s,all,"[-0.05,-0.01)bps",3,-0.03125491281372363884628850032,-2.861919223275452601739391016,-4.075534229973490699819594482,0.07245306864689731850844532457
30s,all,"[-0.01,0.0)bps",851,-0.0005815168515162418134523349134,-2.070714502718370244223565274,-1.748930301881195692112790990,0.2228132795220245681148281073
30s,all,"[0.0,0.01)bps",66,0.0002860629948378529320455839906,-1.296583316387315054869279007,-0.02120844209250607376935135775,0.3404848400384607822215111680
30s,all,"[0.01,0.05)bps",0,,,,
30s,all,>=0.05bps,0,,,,
30s,buy,<-0.05bps,1,-0.07129792053199356442535486451,-1.814732359978097873809698578,-1.814732359978097873809698578,0.1713395358245301813258973308
30s,buy,"[-0.05,-0.01)bps",0,,,,
30s,buy,"[-0.01,0.0)bps",413,-0.0005865434086215041509902611516,-2.200929624161477679122028886,-1.433434515429150107672876739,0.2228517741208904017376674742
30s,buy,"[0.0,0.01)bps",25,0.0003111709283393719713290981565,0.4797223316199080873922223444,1.579486267824282612239206696,0.3240316385506651546985597252
30s,buy,"[0.01,0.05)bps",0,,,,
30s,buy,>=0.05bps,0,,,,
30s,sell,<-0.05bps,0,,,,
30s,sell,"[-0.05,-0.01)bps",3,-0.03125491281372363884628850032,-2.861919223275452601739391016,-4.075534229973490699819594482,0.07245306864689731850844532457
30s,sell,"[-0.01,0.0)bps",438,-0.0005767771983553437645866647384,-1.947931751220645653782776527,-2.026446169957383878943373818,0.2227769821034592957718311712
30s,sell,"[0.0,0.01)bps",41,0.0002707532792881462007751485246,-2.379696516391719409906779831,-1.430341399235506719613495943,0.3505172799700434819306279017
30s,sell,"[0.01,0.05)bps",0,,,,
30s,sell,>=0.05bps,0,,,,
1m,all,<-0.05bps,1,-0.07129792053199356442535486451,-6.936251092289540881379905953,-6.936251092289540881379905953,0.1713395358245301813258973308
1m,all,"[-0.05,-0.01)bps",3,-0.03125491281372363884628850032,-2.043538696261586880766930400,-2.299785138432742586773615274,0.07245306864689731850844532457
1m,all,"[-0.01,0.0)bps",846,-0.0005812147031343366988660263472,-2.201970305613989582723626498,-1.706301353519159758561709300,0.2224742531573927310785083914
1m,all,"[0.0,0.01)bps",66,0.0002860629948378529320455839906,-0.5070419339044567055558403920,0.05863226156423846169117481475,0.3404848400384607822215111680
1m,all,"[0.01,0.05)bps",0,,,,
1m,all,>=0.05bps,0,,,,
1m,buy,<-0.05bps,1,-0.07129792053199356442535486451,-6.936251092289540881379905953,-6.936251092289540881379905953,0.1713395358245301813258973308
1m,buy,"[-0.05,-0.01)bps",0,,,,
1m,buy,"[-0.01,0.0)bps",412,-0.0005863773116030078029447439796,-2.0676745320317506318709289,-1.247982615562627381160023248,0.2227081018014777916277707340
1m,buy,"[0.0,0.01)bps",25,0.0003111709283393719713290981565,0.0806587837919952550578674868,2.700998719553280810704043482,0.3240316385506651546985597252
1m,buy,"[0.01,0.05)bps",0,,,,
1m,buy,>=0.05bps,0,,,,
1m,sell,<-0.05bps,0,,,,
1m,sell,"[-0.05,-0.01)bps",3,-0.03125491281372363884628850032,-2.043538696261586880766930400,-2.299785138432742586773615274,0.07245306864689731850844532457
1m,sell,"[-0.01,0.0)bps",434,-0.0005763137937124645908465985479,-2.329458459337221029155219606,-2.048175967362035012934541706,0.2222522585920400929534022054
1m,sell,"[0.0,0.01)bps",41,0.0002707532792881462007751485246,-0.8653960300608298522715159280,-1.636020190666928268580474213,0.3505172799700434819306279017
1m,sell,"[0.01,0.05)bps",0,,,,
1m,sell,>=0.05bps,0,,,,
5m,all,<-0.05bps,1,-0.07129792053199356442535486451,-0.6480234584491958608901642239,-0.6480234584491958608901642239,0.1713395358245301813258973308
5m,all,"[-0.05,-0.01)bps",3,-0.03125491281372363884628850032,2.773022178523064498761529850,4.189280651658348701912490629,0.07245306864689731850844532457
5m,all,"[-0.01,0.0)bps",787,-0.0005810261799557599292935811461,-1.903516729796556998444497389,-0.6557420740805147034327305938,0.2253176518924778275288765642
5m,all,"[0.0,0.01)bps",58,0.0002844704400445363795868374329,3.246586011250583156989352781,2.093560279577014486296097386,0.3031458854947351548635935916
5m,all,"[0.01,0.05)bps",0,,,,
5m,all,>=0.05bps,0,,,,
5m,buy,<-0.05bps,1,-0.07129792053199356442535486451,-0.6480234584491958608901642239,-0.6480234584491958608901642239,0.1713395358245301813258973308
5m,buy,"[-0.05,-0.01)bps",0,,,,
5m,buy,"[-0.01,0.0)bps",383,-0.0005884455127988354919046736621,-0.2125304685103536548922011503,0.9083079293061920158925629160,0.2264942456965243547531172291
5m,buy,"[0.0,0.01)bps",20,0.0003324199766932466463467739770,7.96656461102047612208756299,8.451583754711716907134916605,0.2593862025779575497564859668
5m,buy,"[0.01,0.05)bps",0,,,,
5m,buy,>=0.05bps,0,,,,
5m,sell,<-0.05bps,0,,,,
5m,sell,"[-0.05,-0.01)bps",3,-0.03125491281372363884628850032,2.773022178523064498761529850,4.189280651658348701912490629,0.07245306864689731850844532457
5m,sell,"[-0.01,0.0)bps",404,-0.0005739925055030422548380157151,-3.506605190372338881069570324,-2.398823471269865314795266800,0.2242022176673545108781731621
5m,sell,"[0.0,0.01)bps",38,0.0002592338418083730812921339895,0.7623867482137973858850316213,-0.0664720257796061321889903117,0.3261772975561970522883870784
5m,sell,"[0.01,0.05)bps",0,,,,
5m,sell,>=0.05bps,0,,,,
