queue_cancellation_mode,window,run_dir,row_type,endpoint_sensitive,current_maker_fee_bps,net_pnl,gross_before_fees,current_fees,fee_notional,break_even_maker_fee_bps,required_rebate_bps,lot_count,total_quantity,quantity_weighted_net_per_btc
proportional,2026-04-13T12:00:00,btcusdt_microprice_20260413_12_5h_5sessions_hs2.00_rq5000,full_strategy,True,2,-11.37220505848764408798520268,-10.27053144186382117211414378,1.101673616623822915871058898,5508.36808311911457935529449,-18.64532523405394977649761460,18.64532523405394977649761460,,0.07686047631870442493326419511,-147.9590760188947028083230361
proportional,2026-04-13T12:00:00,btcusdt_microprice_20260413_12_5h_5sessions_hs2.00_rq5000,full_matched_lots,False,2,-3.472174035360566871402258477,-2.579341643188329512276174489,0.8928323921722373591260839835,4464.161960861186795630419918,-5.777885448158663237241140099,5.777885448158663237241140099,123,0.03114698061685102835820552274,-111.4770666881933223199793750
proportional,2026-04-13T12:00:00,btcusdt_microprice_20260413_12_5h_5sessions_hs2.00_rq5000,matched_tail_excluded_worst_5pct,False,2,-2.845826440373641370515389401,-1.982860771506553703683548447,0.8629656688670876668318409511,4314.828344335438334159204756,-4.595456906436796278596039800,4.595456906436796278596039800,117,0.03010479187462909747531400747,-94.53067977433752108621658685
proportional,2026-04-13T12:00:00,btcusdt_microprice_20260413_12_5h_5sessions_hs2.00_rq5000,matched_body_only_ex_worst_best_5pct,False,2,-2.963192479769371141125119005,-2.112306059048983040467770187,0.8508864207203881006573488138,4254.432103601940503286744069,-4.964954211540092679623995143,4.964954211540092679623995143,111,0.02968139823814821956914012142,-99.83331836304489833284921806
proportional,2026-04-14T12:00:00,btcusdt_microprice_20260414_12_5h_5sessions_hs2.00_rq5000,full_strategy,True,2,-0.736617841596425501458861211,0.398205004109331713436517899,1.134822845705757214895379110,5674.11422852878607447689555,0.7017923645371876543800346361,0,,0.07546434270258928534451955312,-9.761137713734451312339483203
proportional,2026-04-14T12:00:00,btcusdt_microprice_20260414_12_5h_5sessions_hs2.00_rq5000,full_matched_lots,False,2,-1.832986176838103249294802771,-1.037468030405258207104167446,0.7955181464328450421906353236,3977.590732164225210953176618,-2.608282501303916535533490277,2.608282501303916535533490277,104,0.02642747980921323914337553872,-69.35909856221255299085250006
proportional,2026-04-14T12:00:00,btcusdt_microprice_20260414_12_5h_5sessions_hs2.00_rq5000,matched_tail_excluded_worst_5pct,False,2,-1.011465387437840387071000243,-0.2500228890518534572023808481,0.7614424983859869298686193948,3807.212491929934649343096974,-0.6567085225261829396555736528,0.6567085225261829396555736528,99,0.02529216113152254771039547609,-39.99125982861203549445821551
proportional,2026-04-14T12:00:00,btcusdt_microprice_20260414_12_5h_5sessions_hs2.00_rq5000,matched_body_only_ex_worst_best_5pct,False,2,-2.466358093437840387071000242,-1.771192889051853457202380847,0.6951652043859869298686193948,3475.826021929934649343096974,-5.095746673961568565986664642,5.095746673961568565986664642,94,0.02308216113152254771039547609,-106.8512640295893402625201456
proportional,2026-04-15T12:00:00,btcusdt_microprice_20260415_12_5h_5sessions_hs2.00_rq5000,full_strategy,True,2,0.9214505283333979901052004052,1.977840489118634354452598600,1.056389960785236364347398195,5281.949803926181821736990975,3.744527234333928880975927603,0,,0.07131151615177117917990536188,12.92148278508466025403321768
proportional,2026-04-15T12:00:00,btcusdt_microprice_20260415_12_5h_5sessions_hs2.00_rq5000,full_matched_lots,False,2,0.7630404000411121466553357939,1.520888541315269137971094296,0.7578481412741569913157585041,3789.240706370784956578792520,4.013702636410047797567774341,0,113,0.02558243102384144938777438660,29.82673536107649601954129848
proportional,2026-04-15T12:00:00,btcusdt_microprice_20260415_12_5h_5sessions_hs2.00_rq5000,matched_tail_excluded_worst_5pct,False,2,0.9548016153792165329745602771,1.693572233633124755886245102,0.7387706182539082229116848271,3693.853091269541114558424136,4.584839168714911109402297310,0,107,0.02493862457895709408759172524,38.28605753121070034314872677
proportional,2026-04-15T12:00:00,btcusdt_microprice_20260415_12_5h_5sessions_hs2.00_rq5000,matched_body_only_ex_worst_best_5pct,False,2,0.0958443043100354883498104905,0.7674779258698830332373916300,0.6716336215598475448875811413,3358.168107799237724437905706,2.285406511030344685803559794,0,101,0.02267426593914615388402312063,4.227008034891413236313377433
proportional,2026-04-16T12:00:00,btcusdt_microprice_20260416_12_5h_5sessions_hs2.00_rq5000,full_strategy,True,2,1.973867155882097032543890581,3.078022200991316423428156040,1.104155045109219390884265459,5520.775225546096954421327295,5.575344177659123182109127382,0,,0.07429731143579019532811010448,26.56714109484254989407348576
proportional,2026-04-16T12:00:00,btcusdt_microprice_20260416_12_5h_5sessions_hs2.00_rq5000,full_matched_lots,False,2,0.9125815891260463586205431525,1.843618119527661845613499124,0.9310365304016154869929559689,4655.182652008077434964779844,3.960356139264249203724416543,0,135,0.03132765703504216749132606266,29.13022151976639226691796294
proportional,2026-04-16T12:00:00,btcusdt_microprice_20260416_12_5h_5sessions_hs2.00_rq5000,matched_tail_excluded_worst_5pct,False,2,1.562590605853769126883202877,2.435948180323846240226140870,0.8733575744700771133429379917,4366.787872350385566714689958,5.578352444706040490621937526,0,128,0.02937456083360666409727578772,53.19536910543527942130925188
proportional,2026-04-16T12:00:00,btcusdt_microprice_20260416_12_5h_5sessions_hs2.00_rq5000,matched_body_only_ex_worst_best_5pct,False,2,0.6933305795820779071670768731,1.497593323158050901767414155,0.8042627435759729946003372817,4021.313717879864973001686408,3.724139493268927946954943372,0,121,0.02705431345399757899507398923,25.62735812021245427857925304
proportional,2026-04-16T17:00:00,btcusdt_microprice_20260416_17_5h_5sessions_hs2.00_rq5000,full_strategy,True,2,1.799668964080382563429156309,2.871742164376816964086428620,1.072073200296434400657272311,5360.366001482172003286361555,5.357362097257470390798269738,0,,0.07167626058561944956916041794,25.10829875019252496884423633
proportional,2026-04-16T17:00:00,btcusdt_microprice_20260416_17_5h_5sessions_hs2.00_rq5000,full_matched_lots,False,2,0.8537138544463947468004978764,1.696145859746775036040795622,0.8424320053003802892402977462,4212.160026501901446201488731,4.026783999361448203342175370,0,112,0.02815037422690049641138318681,30.32690960216741359974714145
proportional,2026-04-16T17:00:00,btcusdt_microprice_20260416_17_5h_5sessions_hs2.00_rq5000,matched_tail_excluded_worst_5pct,False,2,1.316715596232341814248702520,2.109845592530242273060315607,0.7931299962979004588116130880,3965.649981489502294058065440,5.320302100231705408157602263,0,106,0.02650079158450939473414396640,49.68589681683344240623824160
proportional,2026-04-16T17:00:00,btcusdt_microprice_20260416_17_5h_5sessions_hs2.00_rq5000,matched_body_only_ex_worst_best_5pct,False,2,0.5004645374654077320896215246,1.233490940693675504254995676,0.7330264032282677721653741519,3665.132016141338860826870760,3.365474791252671393382287792,0,100,0.02450079158450939473414396640,20.42646400787417917602368511
proportional,2026-04-17T12:00:00,btcusdt_microprice_20260417_12_5h_5sessions_hs2.00_rq5000,full_strategy,True,2,-7.219022619795179517488824403,-6.128955068411823152723240930,1.090067551383356364765583473,5450.337756916781823827917365,-11.24509221586100459210921623,11.24509221586100459210921623,,0.07075433993205557358127827691,-102.0293967370412663963128056
proportional,2026-04-17T12:00:00,btcusdt_microprice_20260417_12_5h_5sessions_hs2.00_rq5000,full_matched_lots,False,2,0.6164418689178726967030715241,1.415909977349165194526474027,0.7994681084312924978234025039,3997.340542156462489117012520,3.542129979712256767705473995,0,109,0.02596348220665153677557011909,23.74264992697888527311195053
proportional,2026-04-17T12:00:00,btcusdt_microprice_20260417_12_5h_5sessions_hs2.00_rq5000,matched_tail_excluded_worst_5pct,False,2,0.9752604976771947306013766109,1.759295916332216041984101146,0.7840354186550213113827245378,3920.177093275106556913622689,4.487797042001525217189679474,0,104,0.02546585508800746897895994960,38.29678973302844912052328441
proportional,2026-04-17T12:00:00,btcusdt_microprice_20260417_12_5h_5sessions_hs2.00_rq5000,matched_body_only_ex_worst_best_5pct,False,2,0.3612679772958380211960455403,1.108239131753943678105994453,0.7469711544581056569099489164,3734.855772290528284549744582,2.967287625873376241675462544,0,99,0.02425585508800746897895994961,14.89405242507634401776956471
none,2026-04-13T12:00:00,btcusdt_microprice_20260413_12_5h_5sessions_hs2.00_rq5000_qnone,full_strategy,True,2,-9.98173404982000000000,-9.08007395000000000000,0.90166009982000000000,4508.3004991000000000,-20.14079130664131909041493290,20.14079130664131909041493290,,0.06289000,-158.7173485422165686118619812
none,2026-04-13T12:00:00,btcusdt_microprice_20260413_12_5h_5sessions_hs2.00_rq5000_qnone,full_matched_lots,False,2,-1.86603141838000000000,-1.1805677000000000,0.68546371838000000000,3427.3185919000000000,-3.444581145126428361671444764,3.444581145126428361671444764,88,0.02390000,-78.07662838410041841004184100
none,2026-04-13T12:00:00,btcusdt_microprice_20260413_12_5h_5sessions_hs2.00_rq5000_qnone,matched_tail_excluded_worst_5pct,False,2,-1.32505320768000000000,-0.6729212000000000,0.65213200768000000000,3260.6600384000000000,-2.063757619853559524029894033,2.063757619853559524029894033,84,0.02274000,-58.26971010026385224274406332
none,2026-04-13T12:00:00,btcusdt_microprice_20260413_12_5h_5sessions_hs2.00_rq5000_qnone,matched_body_only_ex_worst_best_5pct,False,2,-1.76829387840000000000,-1.1684492000000000,0.59984467840000000000,2999.2233920000000000,-3.895839179957956262832455262,3.895839179957956262832455262,80,0.02090000,-84.60736260287081339712918660
none,2026-04-14T12:00:00,btcusdt_microprice_20260414_12_5h_5sessions_hs2.00_rq5000_qnone,full_strategy,True,2,2.59313245562000000000,3.54165165000000000000,0.94851919438000000000,4742.5959719000000000,7.467749036570635138990301389,0,,0.06307000,41.11514912985571587125416204
none,2026-04-14T12:00:00,btcusdt_microprice_20260414_12_5h_5sessions_hs2.00_rq5000_qnone,full_matched_lots,False,2,-0.97366356710000000000,-0.3907561000000000,0.58290746710000000000,2914.5373355000000000,-1.340713996833958210929221428,1.340713996833958210929221428,74,0.01937000,-50.26657548270521424883840991
none,2026-04-14T12:00:00,btcusdt_microprice_20260414_12_5h_5sessions_hs2.00_rq5000_qnone,matched_tail_excluded_worst_5pct,False,2,-0.08036316384000000000,0.4598802000000000,0.54024336384000000000,2701.2168192000000000,1.702492731169204767848055905,0,70,0.01795000,-4.477056481337047353760445682
none,2026-04-14T12:00:00,btcusdt_microprice_20260414_12_5h_5sessions_hs2.00_rq5000_qnone,matched_body_only_ex_worst_best_5pct,False,2,-1.42564141384000000000,-0.9453698000000000,0.48027161384000000000,2401.3580692000000000,-3.936813139720329385020145500,3.936813139720329385020145500,66,0.01595000,-89.38190682382445141065830721
none,2026-04-15T12:00:00,btcusdt_microprice_20260415_12_5h_5sessions_hs2.00_rq5000_qnone,full_strategy,True,2,1.17704511110000000000,2.05977000000000000000,0.88272488890000000000,4413.6244445000000000,4.666844734754821752256588038,0,,0.05958000,19.75570847767707284323598523
none,2026-04-15T12:00:00,btcusdt_microprice_20260415_12_5h_5sessions_hs2.00_rq5000_qnone,full_matched_lots,False,2,0.90642102332000000000,1.4936682000000000,0.58724717668000000000,2936.2358834000000000,5.087017049428652180335928116,0,83,0.01982000,45.73264497073662966700302725
none,2026-04-15T12:00:00,btcusdt_microprice_20260415_12_5h_5sessions_hs2.00_rq5000_qnone,matched_tail_excluded_worst_5pct,False,2,1.20907478404000000000,1.7752718000000000,0.56619701596000000000,2830.9850798000000000,6.270862438192070050626481582,0,79,0.01911000,63.26921946834118262689691261
none,2026-04-15T12:00:00,btcusdt_microprice_20260415_12_5h_5sessions_hs2.00_rq5000_qnone,matched_body_only_ex_worst_best_5pct,False,2,0.38770799204000000000,0.8913518000000000,0.50364380796000000000,2518.2190398000000000,3.539611868198694254031110356,0,75,0.01700000,22.80635247294117647058823529
none,2026-04-16T12:00:00,btcusdt_microprice_20260416_12_5h_5sessions_hs2.00_rq5000_qnone,full_strategy,True,2,2.68759037464000000000,3.58601185000000000000,0.89842147536000000000,4492.1073768000000000,7.982916589483961330939661611,0,,0.06043000,44.47443942809862651001158365
none,2026-04-16T12:00:00,btcusdt_microprice_20260416_12_5h_5sessions_hs2.00_rq5000_qnone,full_matched_lots,False,2,1.44014617858000000000,2.1544813000000000,0.71433512142000000000,3571.6756071000000000,6.032130397612782688592783429,0,96,0.02402000,59.95612733472106577851790175
none,2026-04-16T12:00:00,btcusdt_microprice_20260416_12_5h_5sessions_hs2.00_rq5000_qnone,matched_tail_excluded_worst_5pct,False,2,1.77172123980000000000,2.4524310000000000,0.68070976020000000000,3403.5488010000000000,7.205511492238480173330119382,0,91,0.02288000,77.43536887237762237762237762
none,2026-04-16T12:00:00,btcusdt_microprice_20260416_12_5h_5sessions_hs2.00_rq5000_qnone,matched_body_only_ex_worst_best_5pct,False,2,0.79028338196000000000,1.4174934000000000,0.62721001804000000000,3136.0500902000000000,4.519996043524930047050050145,0,86,0.02108000,37.48972400189753320683111954
none,2026-04-16T17:00:00,btcusdt_microprice_20260416_17_5h_5sessions_hs2.00_rq5000_qnone,full_strategy,True,2,1.33408551694000000000,2.18640250000000000000,0.85231698306000000000,4261.5849153000000000,5.130491456712144984440925191,0,,0.05698000,23.41322423552123552123552124
none,2026-04-16T17:00:00,btcusdt_microprice_20260416_17_5h_5sessions_hs2.00_rq5000_qnone,full_matched_lots,False,2,0.72187400414000000000,1.2755209000000000,0.55364689586000000000,2768.2344793000000000,4.607705414905963381553637164,0,69,0.01849000,39.04131985613845321795565170
none,2026-04-16T17:00:00,btcusdt_microprice_20260416_17_5h_5sessions_hs2.00_rq5000_qnone,matched_tail_excluded_worst_5pct,False,2,0.96290792106000000000,1.4994903000000000,0.53658237894000000000,2682.9118947000000000,5.589040411510312426212972502,0,66,0.01792000,53.73370095200892857142857143
none,2026-04-16T17:00:00,btcusdt_microprice_20260416_17_5h_5sessions_hs2.00_rq5000_qnone,matched_body_only_ex_worst_best_5pct,False,2,0.46551653268000000000,0.9720484000000000,0.50653186732000000000,2532.6593366000000000,3.838054277386308315398409749,0,63,0.01692000,27.51279743971631205673758865
none,2026-04-17T12:00:00,btcusdt_microprice_20260417_12_5h_5sessions_hs2.00_rq5000_qnone,full_strategy,True,2,-6.45816669974000000000,-5.46349325000000000000,0.99467344974000000000,4973.3672487000000000,-10.98550132493858194816000297,10.98550132493858194816000297,,0.06453000,-100.0800666316441964977529831
none,2026-04-17T12:00:00,btcusdt_microprice_20260417_12_5h_5sessions_hs2.00_rq5000_qnone,full_matched_lots,False,2,1.39176329956000000000,2.0682324000000000,0.67646910044000000000,3382.3455022000000000,6.114787500729144168860302068,0,86,0.02195000,63.40607287289293849658314351
none,2026-04-17T12:00:00,btcusdt_microprice_20260417_12_5h_5sessions_hs2.00_rq5000_qnone,matched_tail_excluded_worst_5pct,False,2,1.54906496142000000000,2.2180887000000000,0.66902373858000000000,3345.1186929000000000,6.630822113152169160209591677,0,82,0.02171000,71.35260071027176416397973284
none,2026-04-17T12:00:00,btcusdt_microprice_20260417_12_5h_5sessions_hs2.00_rq5000_qnone,matched_body_only_ex_worst_best_5pct,False,2,0.87557493416000000000,1.5041724000000000,0.62859746584000000000,3142.9873292000000000,4.785804848862894995854251820,0,78,0.02039000,42.94138961059342815105443845
none,pooled,pooled,full_strategy,True,2,-8.64804729126000000000,-3.16973120000000000000,5.47831609126000000000,27391.5804563000000000,-1.157191789300704323813690815,1.157191789300704323813690815,,0.36748000,-23.53338220109937955807118755
none,pooled,pooled,full_matched_lots,False,2,1.62050952012000000000,5.4205790000000000,3.80006947988000000000,19000.3473994000000000,2.852884153145101467559854241,0,496,0.12755000,12.70489627691101528812230498
none,pooled,pooled,matched_tail_excluded_worst_5pct,False,2,4.86348604292000000000,8.4877922000000000,3.62430615708000000000,18121.5307854000000000,4.683816340084454596144440353,0,471,0.12171000,39.95962569156190945690575959
none,pooled,pooled,matched_body_only_ex_worst_best_5pct,False,2,0.19900469294000000000,3.5639183000000000,3.36491360706000000000,16824.5680353000000000,2.118282200483521379148141891,0,446,0.11308000,1.759857560488149982313406438
proportional,pooled,pooled,full_strategy,True,2,-14.63285887158337152085464099,-8.073676651679544869433683544,6.559182219903826651420957446,32795.91109951913325710478723,-2.461793675187125488963900254,2.461793675187125488963900254,,0.4403642471265301079362379094,-33.22898933568261256595297937
proportional,pooled,pooled,full_matched_lots,False,2,-2.159382499667244171917612898,2.859752824345283494771521121,5.019135324012527666689134035,25095.67662006263833344567018,1.139540036174623613673047644,0,696,0.1685984049184999175676348163,-12.80784655531637278512202855
proportional,pooled,pooled,matched_tail_excluded_worst_5pct,False,2,2.343912655752893057828416819,7.143727278950430882061540423,4.799814623197537824233123597,23999.07311598768912116561798,2.976667992311514161878806389,0,661,0.1612495408591111301533263902,14.53593382818276888643744430
proportional,pooled,pooled,matched_body_only_ex_worst_best_5pct,False,2,-2.736085231764536667503251514,1.729570030014491752699912315,4.465655261779028420203163822,22328.27630889514210101581911,0.7746097397251687457536911989,0,626,0.1501721284543800379846300647,-18.21966073148997750276111654
