session,fill_id,order_id,side,price,quantity,placed_time_ms,fill_time_ms,time_from_place_to_fill_ms,mid_at_placed,mid_at_fill,quoted_distance,quoted_distance_bps,fill_edge,fill_edge_bps,pre_fill_mid_move,pre_fill_mid_move_bps,book_spread_at_fill,book_spread_bps_at_fill,volatility_bps_at_fill,quote_position_at_fill
2026-04-14 12:00,fill-000001,ord-000021,buy,74368.00000000,0.001,1776168058414,1776168058815,401,74370.00500000,74368.00500000,2.00500000,0.2695979380396706978841805914,0.00500000,0.0006723321406833489751405863314,-2.00000000,-0.2689256239797213943981851285,0.01000000,0.001344664281366697950281172663,0.920507,at_best
2026-04-14 12:00,fill-000002,ord-000307,buy,74344.00000000,0.001,1776169240214,1776169240292,78,74346.00500000,74346.00500000,2.00500000,0.2696849682777171416271795640,2.00500000,0.2696849682777171416271795640,0.00000000,0,0.01000000,0.001345062185923776267467229746,1.688412,behind_best
2026-04-14 12:00,fill-000003,ord-000386,sell,74298.01000000,0.00051000,1776169552314,1776169552580,266,74296.00500000,74297.79500000,2.00500000,0.2698664618642684758083560482,0.21500000,0.02893760171482881827112096665,-1.79000000,-0.2409281629611174921181832051,0.01000000,0.001345934963480410152145161239,0.768091,behind_best
2026-04-14 12:00,fill-000004,ord-000389,buy,74317.37000000,0.00007000,1776169562414,1776169576052,13638,74319.37500000,74319.37500000,2.00500000,0.2697816013657273086594175476,2.00500000,0.2697816013657273086594175476,0.00000000,0,0.01000000,0.001345544146462480342440985275,1.472103,behind_best
2026-04-14 12:00,fill-000005,ord-000391,buy,74312.00000000,0.00007000,1776169576114,1776169576398,284,74314.00500000,74314.00500000,2.00500000,0.2698010960383577765725316513,2.00500000,0.2698010960383577765725316513,0.00000000,0,0.01000000,0.001345641376749914097618611727,1.475982,behind_best
2026-04-14 12:00,fill-000006,ord-000437,buy,74286.00000000,0.001,1776169719414,1776169724367,4953,74288.00500000,74288.00500000,2.00500000,0.2698955235101548358984737846,2.00500000,0.2698955235101548358984737846,0.00000000,0,0.01000000,0.001346112336709001675304108651,1.956644,behind_best
2026-04-14 12:00,fill-000007,ord-000463,buy,74348.28000000,0.00023000,1776169807314,1776169811468,4154,74350.28500000,74350.00500000,2.00500000,0.2696694437687764075147795331,1.72500000,0.2320107443166950694892354076,-0.28000000,-0.03765957319464209182251285251,0.01000000,0.001344989822125768518778176276,3.972069,behind_best
2026-04-14 12:00,fill-000008,ord-000516,sell,74374.16000000,0.00028000,1776169953214,1776169958811,5597,74372.15500000,74372.15500000,2.00500000,0.2695901443221592812525063984,2.00500000,0.2695901443221592812525063984,-0.00000000,-0,0.01000000,0.001344589248489572475074844880,2.358461,behind_best
2026-04-14 13:00,fill-000001,ord-000026,sell,74502.00000000,0.00063000,1776171667814,1776171677570,9756,74499.99500000,74499.99500000,2.00500000,0.2691275348407741503875268716,2.00500000,0.2691275348407741503875268716,-0.00000000,-0,0.01000000,0.001342281969280669079239535519,3.053934,behind_best
2026-04-14 13:00,fill-000002,ord-000040,sell,74508.00000000,0.00014000,1776171707814,1776171723448,15634,74505.99500000,74505.99500000,2.00500000,0.2691058618840000727458240105,2.00500000,0.2691058618840000727458240105,-0.00000000,-0,0.01000000,0.001342173874733167445116329230,0.741696,behind_best
2026-04-14 13:00,fill-000003,ord-000082,sell,74578.54000000,0.00007000,1776171832114,1776171838265,6151,74576.53500000,74576.53500000,2.00500000,0.2688513216657223347799679886,2.00500000,0.2688513216657223347799679886,-0.00000000,-0,0.01000000,0.001340904347459961769476149569,2.000472,behind_best
2026-04-14 13:00,fill-000004,ord-000121,buy,74580.62000000,0.00036000,1776171958914,1776171962461,3547,74582.62500000,74580.63500000,2.00500000,0.2688293687705413962032041645,0.01500000,0.002011245948764045787488937309,-1.99000000,-0.2668181764854750017178934102,0.01000000,0.001340830632509363858325958206,0.816825,behind_best
2026-04-14 13:00,fill-000005,ord-000205,buy,74542.00000000,0.001,1776172321214,1776172321372,158,74544.00500000,74542.00500000,2.00500000,0.2689686447622447975528011944,0.00500000,0.0006707627464541636624880159851,-2.00000000,-0.2682979000122142618980560543,0.01000000,0.001341525492908327324976031970,0.620622,at_best
2026-04-14 13:00,fill-000006,ord-000221,buy,74571.99000000,0.00028000,1776172384314,1776172388796,4482,74573.99500000,74573.99500000,2.00500000,0.2688604787768175756173448935,2.00500000,0.2688604787768175756173448935,0.00000000,0,0.01000000,0.001340950018836995389612692736,1.645908,behind_best
2026-04-14 13:00,fill-000007,ord-000251,buy,74587.64000000,0.00016000,1776172535814,1776172540315,4501,74589.64500000,74588.68500000,2.00500000,0.2688040679104988366682801614,1.04500000,0.1401016789610917527236202113,-0.96000000,-0.1287041921167475726691017232,0.01000000,0.001340685923072648351422202979,1.339461,behind_best
2026-04-14 13:00,fill-000008,ord-000267,buy,74574.00000000,0.00008000,1776172582814,1776172595915,13101,74576.00500000,74576.00500000,2.00500000,0.2688532323500031947273120892,2.00500000,0.2688532323500031947273120892,0.00000000,0,0.01000000,0.001340913877057372542280858300,0.800794,behind_best
2026-04-14 13:00,fill-000009,ord-000314,sell,74654.01000000,0.00042000,1776172745914,1776172749548,3634,74652.00500000,74652.79500000,2.00500000,0.2685795244213467541829586493,1.21500000,0.1627534508252504142678114061,-0.79000000,-0.1058243512682613146157293431,0.01000000,0.001339534574693419047471698816,1.390449,behind_best
2026-04-14 13:00,fill-000010,ord-000556,sell,74831.52000000,0.00009000,1776173597914,1776173599476,1562,74829.51500000,74824.97500000,2.00500000,0.2679424021390490102735531561,6.54500000,0.8747079434373349272752847562,4.54000000,0.6067124716764501280009632563,0.01000000,0.001336452167207539995836951499,6.558933,behind_best
2026-04-14 13:00,fill-000011,ord-000597,buy,74739.99000000,0.00028000,1776173702914,1776173704582,1668,74741.99500000,74741.99500000,2.00500000,0.2682561523812683886749343525,2.00500000,0.2682561523812683886749343525,0.00000000,0,0.01000000,0.001337935922101089220323862107,4.494553,behind_best
2026-04-14 13:00,fill-000012,ord-000602,sell,74764.00000000,0.001,1776173712914,1776173713640,726,74761.99500000,74763.99500000,2.00500000,0.2681843896755296591536916584,0.00500000,0.0006687711110140649921128479023,-2.00000000,-0.2675156006738450465373482877,0.01000000,0.001337542222028129984225695805,3.429597,at_best
2026-04-14 13:00,fill-000013,ord-000680,sell,74874.00000000,0.001,1776173906714,1776173907297,583,74871.99500000,74873.99500000,2.00500000,0.2677903801013983933512122924,0.00500000,0.0006677885960272321518305521163,-2.00000000,-0.2671225736672303175573189949,0.01000000,0.001335577192054464303661104233,3.895931,at_best
2026-04-14 13:00,fill-000014,ord-000705,buy,74900.00000000,0.00042000,1776173980414,1776173981302,888,74902.00500000,74902.00500000,2.00500000,0.2676830880561875479835286118,2.00500000,0.2676830880561875479835286118,0.00000000,0,0.01000000,0.001335077745916147371488920757,2.541792,behind_best
2026-04-14 13:00,fill-000015,ord-000716,sell,74880.00000000,0.00058000,1776174005414,1776174009783,4369,74877.99500000,74877.99500000,2.00500000,0.2677689219643234304016820963,2.00500000,0.2677689219643234304016820963,-0.00000000,-0,0.01000000,0.001335505845208595662851282276,2.2307,behind_best
2026-04-14 13:00,fill-000016,ord-000754,sell,74946.76000000,0.001,1776174100414,1776174104781,4367,74944.75500000,74946.57500000,2.00500000,0.2675303962231913360714835881,0.18500000,0.02468425008080756191994097129,-1.82000000,-0.2428455466963632078055362246,0.01000000,0.001334283788151760103780593042,3.007641,behind_best
2026-04-14 13:00,fill-000017,ord-000813,buy,75211.99000000,0.00035000,1776174249814,1776174253155,3341,75213.99500000,75217.93500000,2.00500000,0.2665727302478747472461740664,5.94500000,0.7903700094930816699501255917,3.94000000,0.5238386818836042414712846991,0.01000000,0.001329470158945469587805089305,3.527772,behind_best
2026-04-14 13:00,fill-000018,ord-000830,sell,75192.01000000,0.00007000,1776174289814,1776174289866,52,75190.00500000,75190.00500000,2.00500000,0.2666577825071297707720593981,2.00500000,0.2666577825071297707720593981,-0.00000000,-0,0.01000000,0.001329964002529325540010271312,1.828767,behind_best
2026-04-14 13:00,fill-000019,ord-000853,buy,75224.00000000,0.00080000,1776174349814,1776174351136,1322,75226.00500000,75224.45500000,2.00500000,0.2665301713150924337933404811,0.45500000,0.06048564924797394677036875840,-1.55000000,-0.2060457683483258216357494991,0.01000000,0.001329354928526899929019093591,3.543494,behind_best
2026-04-14 13:00,fill-000020,ord-000856,sell,75282.00000000,0.001,1776174354814,1776174354852,38,75279.99500000,75279.99500000,2.00500000,0.2663390187525915749595891976,2.00500000,0.2663390187525915749595891976,-0.00000000,-0,0.01000000,0.001328374158367040274112664327,4.107187,behind_best
2026-04-14 13:00,fill-000021,ord-000857,buy,75280.00000000,0.00007000,1776174354914,1776174356378,1464,75282.00500000,75280.49500000,2.00500000,0.2663319076052769848518248152,0.49500000,0.06575408410903780587521375889,-1.51000000,-0.2005791423860190758734441252,0.01000000,0.001328365335536117290408358765,4.707482,behind_best
2026-04-14 13:00,fill-000022,ord-000867,buy,75278.00000000,0.00040000,1776174379914,1776174383231,3317,75280.00500000,75279.98500000,2.00500000,0.2663389833728092871407221612,1.98500000,0.2636823054627335539453149466,-0.02000000,-0.002656747963818546505144360710,0.01000000,0.001328374334824854176046926683,6.835648,behind_best
2026-04-14 13:00,fill-000023,ord-000882,sell,75307.94000000,0.001,1776174414914,1776174415864,950,75305.93500000,75300.83500000,2.00500000,0.2662472751981633320136055677,7.10500000,0.9435486339560510849580884462,5.10000000,0.6772374581100413931518146611,0.01000000,0.001328006522105631365176760656,1.859146,behind_best
2026-04-14 13:00,fill-000024,ord-000888,sell,75268.75000000,0.00016000,1776174425914,1776174426399,485,75266.74500000,75266.88500000,2.00500000,0.2663859052228178593348231015,1.86500000,0.2477849322447713891706824323,-0.14000000,-0.01860051208538379067674575272,0.01000000,0.001328605534824511470084088109,2.230892,behind_best
2026-04-14 13:00,fill-000025,ord-000918,sell,75202.00000000,0.00080000,1776174501014,1776174502756,1742,75199.99500000,75201.83500000,2.00500000,0.2666223581530823240081332452,0.16500000,0.02194095396741316219211938113,-1.84000000,-0.2446808673325044768952444744,0.01000000,0.001329754785903828011643598856,9.15413,behind_best
2026-04-14 13:00,fill-000026,ord-000958,sell,75146.00000000,0.001,1776174601014,1776174601074,60,75143.99500000,75143.99500000,2.00500000,0.2668210546963865841841387326,2.00500000,0.2668210546963865841841387326,-0.00000000,-0,0.01000000,0.001330778327662775980968272980,2.796889,behind_best
2026-04-14 13:00,fill-000027,ord-000974,sell,75172.00000000,0.001,1776174636214,1776174636365,151,75169.99500000,75171.99500000,2.00500000,0.2667287659125160245121740397,0.00500000,0.0006651413202483185393709452569,-2.00000000,-0.2660636068952778299373307129,0.01000000,0.001330282640496637078741890514,2.139659,at_best
2026-04-14 13:00,fill-000028,ord-001101,buy,75392.59000000,0.00016000,1776174956814,1776174962402,5588,75394.59500000,75394.59500000,2.00500000,0.2659341826824588685700878160,2.00500000,0.2659341826824588685700878160,0.00000000,0,0.01000000,0.001326355025847675154963031501,3.050251,behind_best
2026-04-14 13:00,fill-000029,ord-001122,sell,75414.41000000,0.00016000,1776175007414,1776175011308,3894,75412.40500000,75410.99500000,2.00500000,0.2658713775273444733661524255,3.41500000,0.4528517360101136445686733082,1.41000000,0.1869718914282073353846757705,0.01000000,0.001326066576896379632704753465,1.642964,behind_best
2026-04-14 13:00,fill-000030,ord-001157,buy,75455.79000000,0.00065000,1776175098715,1776175099303,588,75457.79500000,75455.80500000,2.00500000,0.2657114483666001637074075647,0.01500000,0.001987918623358401649813423898,-1.99000000,-0.2637235821693438033804194782,0.01000000,0.001325279082238934433208949265,1.076948,behind_best
2026-04-14 13:00,fill-000031,ord-001190,sell,75501.87000000,0.00007000,1776175178814,1776175182851,4037,75499.86500000,75501.12500000,2.00500000,0.2655633887557282387193672466,0.74500000,0.09867402638040161653220399034,-1.26000000,-0.1668877156270411874246397659,0.01000000,0.001324483575575860624593342152,2.544606,behind_best
2026-04-14 14:00,fill-000001,ord-000014,sell,75561.27000000,0.00007000,1776175230214,1776175234393,4179,75559.26500000,75555.77500000,2.00500000,0.2653546193176971745291593294,5.49500000,0.7272772994519611505540112586,3.49000000,0.4618890879894080494298085086,0.01000000,0.001323525567701476161153796649,2.244892,behind_best
2026-04-14 14:00,fill-000002,ord-000017,buy,75540.00000000,0.00033000,1776175240214,1776175240301,87,75542.00500000,75542.00500000,2.00500000,0.2654152481126229043033739970,2.00500000,0.2654152481126229043033739970,0.00000000,0,0.01000000,0.001323766823504353637423311706,2.129208,behind_best
2026-04-14 14:00,fill-000003,ord-000017,buy,75540.00000000,0.00067000,1776175240214,1776175240307,93,75542.00500000,75542.00500000,2.00500000,0.2654152481126229043033739970,2.00500000,0.2654152481126229043033739970,0.00000000,0,0.01000000,0.001323766823504353637423311706,2.129208,behind_best
2026-04-14 14:00,fill-000004,ord-000028,sell,75472.00000000,0.001,1776175260314,1776175262406,2092,75469.99500000,75463.66500000,2.00500000,0.2656684951416784909022453228,8.33500000,1.104505062138182660489654193,6.33000000,0.8387439273051495498310288745,0.01000000,0.001325141046356547883010982835,6.00116,behind_best
2026-04-14 14:00,fill-000005,ord-000032,sell,75534.06000000,0.001,1776175267514,1776175267596,82,75532.05500000,75532.05500000,2.00500000,0.2654502118339028376760039165,2.00500000,0.2654502118339028376760039165,-0.00000000,-0,0.01000000,0.001323941206154128866214483374,6.058266,behind_best
2026-04-14 14:00,fill-000006,ord-000036,sell,75452.01000000,0.00065000,1776175272614,1776175275462,2848,75450.00500000,75451.18500000,2.00500000,0.2657388823234670428451263853,0.82500000,0.1093422190784677536873675344,-1.18000000,-0.1563949531878758656145880971,0.01000000,0.001325360231254154590149909508,6.395319,behind_best
2026-04-14 14:00,fill-000007,ord-000045,buy,75403.70000000,0.00007000,1776175297614,1776175301204,3590,75405.70500000,75407.31500000,2.00500000,0.2658950009153816677398613275,3.61500000,0.4793964617358408796281899176,1.61000000,0.2135116964956431346938537343,0.01000000,0.001326131291108826776288215540,5.359219,behind_best
2026-04-14 14:00,fill-000008,ord-000066,sell,75410.07000000,0.001,1776175347614,1776175348589,975,75408.06500000,75407.84500000,2.00500000,0.2658866793624793316205633973,2.22500000,0.2950621384287006212682513338,0.22000000,0.02917459823428700895587229297,0.01000000,0.001326121970466070207947197006,4.651895,behind_best
2026-04-14 14:00,fill-000009,ord-000080,sell,75400.00000000,0.001,1776175378614,1776175379043,429,75397.99500000,75399.99500000,2.00500000,0.2659221906365016735524598499,0.00500000,0.0006631300174489401491339621442,-2.00000000,-0.2652590430289293501770173066,0.01000000,0.001326260034897880298267924288,4.268816,at_best
2026-04-14 14:00,fill-000010,ord-000082,sell,75402.00000000,0.001,1776175379114,1776175380039,925,75399.99500000,75401.99500000,2.00500000,0.2659151369970249998027188198,0.00500000,0.0006631124282586952772270813259,-2.00000000,-0.2652520069795760596535848577,0.01000000,0.001326224856517390554454162652,4.136942,at_best
2026-04-14 14:00,fill-000011,ord-000130,sell,75426.00000000,0.00049000,1776175502114,1776175504919,2805,75423.99500000,75424.99500000,2.00500000,0.2658305225014930593374164283,1.00500000,0.1332449541428541029402786172,-1.00000000,-0.1325838017463805782231503383,0.01000000,0.001325820439232379133734115594,1.385139,behind_best
2026-04-14 14:00,fill-000012,ord-000199,buy,75516.00000000,0.00007000,1776175688214,1776175688244,30,75518.00500000,75518.00500000,2.00500000,0.2654995984070288933082911817,2.00500000,0.2654995984070288933082911817,0.00000000,0,0.01000000,0.001324187523227076774604943550,2.945389,behind_best
2026-04-14 14:00,fill-000013,ord-000247,buy,75552.54000000,0.00014000,1776175808214,1776175812219,4005,75554.54500000,75552.85500000,2.00500000,0.2653711963985753603572094836,0.31500000,0.04169266667685820740989867292,-1.69000000,-0.2236794623010435705754035048,0.01000000,0.001323576719900260552695195966,5.884682,behind_best
2026-04-14 14:00,fill-000014,ord-000251,buy,75541.93000000,0.001,1776175818214,1776175820469,2255,75543.93500000,75541.93500000,2.00500000,0.2654084672713964397009501822,0.00500000,0.0006618840250782562029950649265,-2.00000000,-0.2647466007694727578064340969,0.01000000,0.001323768050156512405990129853,5.154096,at_best
2026-04-14 14:00,fill-000015,ord-000268,sell,75492.49000000,0.00058000,1776175856114,1776175858188,2074,75490.48500000,75491.33500000,2.00500000,0.2655963860875976621424541119,1.15500000,0.1529976917218380096205743348,-0.85000000,-0.1125969716580837969182473791,0.01000000,0.001324655339583013070308002899,5.435466,behind_best
2026-04-14 14:00,fill-000016,ord-000329,buy,75571.99000000,0.00028000,1776176012014,1776176013591,1577,75573.99500000,75572.27500000,2.00500000,0.2653028994960501955732259490,0.28500000,0.03771224301504751577215321360,-1.72000000,-0.2275915147796540331101988191,0.01000000,0.001323236597019211079724674161,4.215295,behind_best
2026-04-14 14:00,fill-000017,ord-000400,sell,75548.00000000,0.001,1776176192414,1776176194515,2101,75545.99500000,75547.99500000,2.00500000,0.2654012300718257797782662072,0.00500000,0.0006618309327732655247832851156,-2.00000000,-0.2647393816177813264621109299,0.01000000,0.001323661865546531049566570231,1.972318,at_best
2026-04-14 14:00,fill-000018,ord-000439,buy,75548.00000000,0.001,1776176291314,1776176291812,498,75550.00500000,75550.00500000,2.00500000,0.2653871432569726501010820582,2.00500000,0.2653871432569726501010820582,0.00000000,0,0.01000000,0.001323626649660711471825845677,5.292832,behind_best
2026-04-14 14:00,fill-000019,ord-000474,sell,75548.01000000,0.00051000,1776176371914,1776176375687,3773,75546.00500000,75547.99500000,2.00500000,0.2654011949407516651608513250,0.01500000,0.001985492798319796574349855347,-1.99000000,-0.2634156498414442960948100432,0.01000000,0.001323661865546531049566570231,2.168141,behind_best
2026-04-14 14:00,fill-000020,ord-000478,sell,75564.01000000,0.00044000,1776176381914,1776176382215,301,75562.00500000,75562.00500000,2.00500000,0.2653449971318257105538689716,2.00500000,0.2653449971318257105538689716,-0.00000000,-0,0.01000000,0.001323416444547759154882139509,2.39983,behind_best
2026-04-14 14:00,fill-000021,ord-000505,buy,75614.01000000,0.00014000,1776176452914,1776176453028,114,75616.01500000,75614.07500000,2.00500000,0.2651554700416307312677083023,0.06500000,0.008596283165534988029675691993,-1.94000000,-0.2565594074218272412266105269,0.01000000,0.001322505102389998158411644922,3.146267,behind_best
2026-04-14 14:00,fill-000022,ord-000508,sell,75623.89000000,0.001,1776176457914,1776176464508,6594,75621.88500000,75621.88500000,2.00500000,0.2651348878700921036284668122,2.00500000,0.2651348878700921036284668122,-0.00000000,-0,0.01000000,0.001322368518055322212610807043,1.967463,behind_best
2026-04-14 14:00,fill-000023,ord-000570,sell,75720.00000000,0.00016000,1776176619814,1776176621883,2069,75717.99500000,75718.51500000,2.00500000,0.2647983481337560509889359854,1.48500000,0.1961211204419421062338583899,-0.52000000,-0.06867588081274471147842728799,0.01000000,0.001320680945736983880362682760,1.884803,behind_best
2026-04-14 14:00,fill-000024,ord-000571,buy,75726.90000000,0.001,1776176624814,1776176627861,3047,75728.90500000,75735.29500000,2.00500000,0.2647601995565629794858383335,8.39500000,1.108466006503308662097374811,6.39000000,0.8437993392351308922266867585,0.01000000,0.001320388334131398048954585837,2.112387,behind_best
2026-04-14 14:00,fill-000025,ord-000585,buy,75682.00000000,0.001,1776176657914,1776176660666,2752,75684.00500000,75683.45500000,2.00500000,0.2649172701682475709365538993,1.45500000,0.1922480943820548361593693100,-0.55000000,-0.07267057286410781247636141877,0.01000000,0.001321292744893847671198414502,1.693433,behind_best
2026-04-14 14:00,fill-000026,ord-000638,sell,75692.00000000,0.00040000,1776176790014,1776176791765,1751,75689.99500000,75689.99500000,2.00500000,0.2648963049872047157619709183,2.00500000,0.2648963049872047157619709183,-0.00000000,-0,0.01000000,0.001321178578489799081107086875,4.020209,behind_best
2026-04-14 14:00,fill-000027,ord-000650,sell,75802.00000000,0.00028000,1776176820014,1776176822000,1986,75799.99500000,75799.99500000,2.00500000,0.2645118907989373877927036803,2.00500000,0.2645118907989373877927036803,-0.00000000,-0,0.01000000,0.001319261300742829864302761498,6.397685,behind_best
2026-04-14 14:00,fill-000028,ord-000683,buy,75754.00000000,0.00007000,1776176905014,1776176905540,526,75756.00500000,75756.00500000,2.00500000,0.2646654875742193638642903622,2.00500000,0.2646654875742193638642903622,0.00000000,0,0.01000000,0.001320027369447478124011423253,4.669084,behind_best
2026-04-14 14:00,fill-000029,ord-000811,buy,75688.00000000,0.001,1776177231814,1776177234421,2607,75690.00500000,75688.00500000,2.00500000,0.2648962699896769725408262293,0.00500000,0.0006606066575542584323632258506,-2.00000000,-0.2642356807877077032826196801,0.01000000,0.001321213315108516864726451701,10.338679,at_best
2026-04-14 14:00,fill-000030,ord-000840,sell,75642.00000000,0.00070000,1776177299514,1776177300048,534,75639.99500000,75639.99500000,2.00500000,0.2650714083204262506892021873,2.00500000,0.2650714083204262506892021873,-0.00000000,-0,0.01000000,0.001322051911822574816404998440,2.950284,behind_best
2026-04-14 14:00,fill-000031,ord-000866,sell,75744.00000000,0.001,1776177364514,1776177364615,101,75741.99500000,75743.99500000,2.00500000,0.2647144427605847984331545532,0.00500000,0.0006601183367737600848753752690,-2.00000000,-0.2640543069931020433248424470,0.01000000,0.001320236673547520169750750538,3.83024,at_best
2026-04-14 14:00,fill-000032,ord-000880,sell,75696.00000000,0.001,1776177394714,1776177396794,2080,75693.99500000,75693.99500000,2.00500000,0.2648823067140266542940427441,2.00500000,0.2648823067140266542940427441,-0.00000000,-0,0.01000000,0.001321108761665968350593729397,2.479134,behind_best
2026-04-14 14:00,fill-000033,ord-000907,buy,75558.86000000,0.001,1776177461814,1776177462570,756,75560.86500000,75560.86500000,2.00500000,0.2653490004382559675567504422,2.00500000,0.2653490004382559675567504422,0.00000000,0,0.01000000,0.001323436411163371409260600709,6.091562,behind_best
2026-04-14 14:00,fill-000034,ord-000925,buy,75409.99000000,0.00065000,1776177502614,1776177503397,783,75411.99500000,75410.00500000,2.00500000,0.2658728230170810359810796678,0.01500000,0.001989125978707997698713851033,-1.99000000,-0.2638837495281751928191264533,0.01000000,0.001326083985805331799142567356,5.663085,behind_best
2026-04-14 14:00,fill-000035,ord-000968,sell,75372.00000000,0.001,1776177607614,1776177608683,1069,75369.99500000,75371.99500000,2.00500000,0.2660209808956468684918978700,0.00500000,0.0006633763641256941653196256779,-2.00000000,-0.2653575869283260533585016159,0.01000000,0.001326752728251388330639251356,3.150581,at_best
2026-04-14 14:00,fill-000036,ord-001042,sell,75436.00000000,0.00021000,1776177788914,1776177797057,8143,75433.99500000,75433.99500000,2.00500000,0.2657952823524725158729827315,2.00500000,0.2657952823524725158729827315,-0.00000000,-0,0.01000000,0.001325662256122057435775474970,3.551703,behind_best
2026-04-14 14:00,fill-000037,ord-001133,buy,75315.05000000,0.00035000,1776178025814,1776178028027,2213,75317.05500000,75313.49500000,2.00500000,0.2662079657788000340693087376,-1.55500000,-0.2064703012388417241823659890,-3.56000000,-0.4726685078167222550058549156,0.01000000,0.001327783287709593081558623723,3.845656,crossed
2026-04-14 14:00,fill-000038,ord-001136,sell,75328.26000000,0.00007000,1776178030814,1776178030964,150,75326.25500000,75326.25500000,2.00500000,0.2661754523704915371141177800,2.00500000,0.2661754523704915371141177800,-0.00000000,-0,0.01000000,0.001327558365937613651441983940,4.192873,behind_best
2026-04-14 14:00,fill-000039,ord-001182,sell,75238.99000000,0.00007000,1776178145814,1776178146782,968,75236.98500000,75237.99500000,2.00500000,0.2664912742051000581695292548,0.99500000,0.1322470116328857514079156416,-1.01000000,-0.1342424872554369370330296994,0.01000000,0.001329115694802871873446388357,4.153343,behind_best
2026-04-14 14:00,fill-000040,ord-001296,sell,75128.00000000,0.00040000,1776178432214,1776178434738,2524,75125.99500000,75123.88500000,2.00500000,0.2668849843519543401721334939,4.11500000,0.5477618736038478308197186554,2.11000000,0.2808615047294881086100756469,0.01000000,0.001331134565258439443061284703,6.224567,behind_best
2026-04-14 14:00,fill-000041,ord-001378,sell,75200.00000000,0.00071000,1776178639314,1776178639802,488,75197.99500000,75199.11500000,2.00500000,0.2666294493623134499796171427,0.88500000,0.1176875552325316594483857955,-1.12000000,-0.1489401412896713536045741645,0.01000000,0.001329802883983408581337692604,3.341867,behind_best
2026-04-14 15:00,fill-000001,ord-000052,sell,75094.00000000,0.00085000,1776178925314,1776178925415,101,75091.99500000,75093.99500000,2.00500000,0.2670058239896276560504218858,0.00500000,0.0006658322013631049992745758166,-2.00000000,-0.2663399740544914274817175919,0.01000000,0.001331664402726209998549151633,5.588358,at_best
2026-04-14 15:00,fill-000002,ord-000052,sell,75094.00000000,0.00015000,1776178925314,1776178926174,860,75091.99500000,75099.99500000,2.00500000,0.2670058239896276560504218858,-5.99500000,-0.7982690278474718939728291593,-8.00000000,-1.065359896217965709926870367,0.01000000,0.001331558011421971466176529040,5.74296,crossed
2026-04-14 15:00,fill-000003,ord-000054,sell,75096.00000000,0.00040000,1776178926214,1776178928627,2413,75093.99500000,75093.01500000,2.00500000,0.2669987127466051047091049025,2.98500000,0.3975070118039607279052519066,0.98000000,0.1305031114671685798578168601,0.01000000,0.001331681781587808133685936035,6.067227,behind_best
2026-04-14 15:00,fill-000004,ord-000146,sell,74852.00000000,0.00056000,1776179160414,1776179160952,538,74849.99500000,74849.99500000,2.00500000,0.2678690893700126499674448876,2.00500000,0.2678690893700126499674448876,-0.00000000,-0,0.01000000,0.001336005433266896009812692706,6.089301,behind_best
2026-04-14 15:00,fill-000005,ord-000200,sell,74892.00000000,0.00064000,1776179297714,1776179298152,438,74889.99500000,74891.99500000,2.00500000,0.2677260160052087064500404894,0.00500000,0.0006676280956329177771269145654,-2.00000000,-0.2670583700800086847381950019,0.01000000,0.001335256191265835554253829131,3.302408,at_best
2026-04-14 15:00,fill-000006,ord-000219,buy,74674.53000000,0.001,1776179347714,1776179351335,3621,74676.53500000,74682.00500000,2.00500000,0.2684913005136084581321294567,7.47500000,1.000910460290936216830279262,5.47000000,0.7324924757154305565998743782,0.01000000,0.001339010649218643768334821755,9.641579,behind_best
2026-04-14 15:00,fill-000007,ord-000320,sell,74734.00000000,0.00085000,1776179598014,1776179602123,4109,74731.99500000,74733.99500000,2.00500000,0.2682920481381501992553524096,0.00500000,0.0006690395716166384521528656403,-2.00000000,-0.2676229906614964581100772166,0.01000000,0.001338079143233276904305731281,6.881452,at_best
2026-04-14 15:00,fill-000008,ord-000413,buy,74803.25000000,0.00028000,1776179854714,1776179855946,1232,74805.25500000,74805.25500000,2.00500000,0.2680292982090629862835171139,2.00500000,0.2680292982090629862835171139,0.00000000,0,0.01000000,0.001336804479845700679718289845,3.987711,behind_best
2026-04-14 15:00,fill-000009,ord-000418,sell,74812.00000000,0.00056000,1776179864714,1776179866070,1356,74809.99500000,74809.99500000,2.00500000,0.2680123157340138841073308453,2.00500000,0.2680123157340138841073308453,-0.00000000,-0,0.01000000,0.001336719779222014384575216186,4.054733,behind_best
2026-04-14 15:00,fill-000010,ord-000448,sell,74772.45000000,0.001,1776179948114,1776179948282,168,74770.44500000,74770.44500000,2.00500000,0.2681540814689547454211353162,2.00500000,0.2681540814689547454211353162,-0.00000000,-0,0.01000000,0.001337426840244163318808654944,2.337879,behind_best
2026-04-14 15:00,fill-000011,ord-000452,sell,74772.00000000,0.001,1776179953314,1776179961722,8408,74769.99500000,74769.99500000,2.00500000,0.2681556953427641662942467764,2.00500000,0.2681556953427641662942467764,-0.00000000,-0,0.01000000,0.001337434889490095592490008860,1.300835,behind_best
2026-04-14 15:00,fill-000012,ord-000465,buy,74794.12000000,0.00008000,1776179991814,1776179992026,212,74796.12500000,74796.12500000,2.00500000,0.2680620152447737098679911560,2.00500000,0.2680620152447737098679911560,0.00000000,0,0.01000000,0.001336967657081165635251826214,2.313135,behind_best
2026-04-14 15:00,fill-000013,ord-000486,sell,74819.24000000,0.00007000,1776180042914,1776180043663,749,74817.23500000,74817.23500000,2.00500000,0.2679863804108772530821274002,2.00500000,0.2679863804108772530821274002,-0.00000000,-0,0.01000000,0.001336590425989412733576695263,3.913547,behind_best
2026-04-14 15:00,fill-000014,ord-000542,sell,74836.00000000,0.001,1776180185314,1776180185418,104,74833.99500000,74835.99500000,2.00500000,0.2679263615419703304627796498,0.00500000,0.0006681276837436316574664371069,-2.00000000,-0.2672582160019654169204784537,0.01000000,0.001336255367487263314932874214,5.27275,at_best
2026-04-14 15:00,fill-000015,ord-000630,sell,74922.00000000,0.00014000,1776180410114,1776180411020,906,74919.99500000,74919.99500000,2.00500000,0.2676188112399099866464219599,2.00500000,0.2676188112399099866464219599,-0.00000000,-0,0.01000000,0.001334757163291321629159211770,0.988454,behind_best
2026-04-14 15:00,fill-000016,ord-000631,buy,74929.18000000,0.00065000,1776180415114,1776180418082,2968,74931.18500000,74931.18500000,2.00500000,0.2675788458436897801629588535,2.00500000,0.2675788458436897801629588535,0.00000000,0,0.01000000,0.001334557834631869227745430691,1.423074,behind_best
2026-04-14 15:00,fill-000017,ord-000708,sell,74862.00000000,0.00021000,1776180642414,1776180643104,690,74859.99500000,74859.99500000,2.00500000,0.2678333066947172518512724987,2.00500000,0.2678333066947172518512724987,-0.00000000,-0,0.01000000,0.001335826966058440158859214458,2.190584,behind_best
2026-04-14 15:00,fill-000018,ord-000724,sell,74932.01000000,0.00042000,1776180684514,1776180688585,4071,74930.00500000,74930.00500000,2.00500000,0.2675830596835006216801934018,2.00500000,0.2675830596835006216801934018,-0.00000000,-0,0.01000000,0.001334578851289279908629393525,4.769048,behind_best
2026-04-14 15:00,fill-000019,ord-000775,buy,75046.00000000,0.001,1776180823014,1776180827302,4288,75048.00500000,75046.00500000,2.00500000,0.2671623316302678532227472269,0.00500000,0.0006662579840192692469106116975,-2.00000000,-0.2664960914017634446112191790,0.01000000,0.001332515968038538493821223395,2.005778,at_best
2026-04-14 15:00,fill-000020,ord-000926,sell,75200.00000000,0.00008000,1776181221714,1776181230121,8407,75197.99500000,75197.99500000,2.00500000,0.2666294493623134499796171427,2.00500000,0.2666294493623134499796171427,-0.00000000,-0,0.01000000,0.001329822690086351371469412183,1.730651,behind_best
2026-04-14 15:00,fill-000021,ord-001000,sell,75296.85000000,0.00007000,1776181431814,1776181434037,2223,75294.84500000,75294.84500000,2.00500000,0.2662864901308980714416770497,2.00500000,0.2662864901308980714416770497,-0.00000000,-0,0.01000000,0.001328112170228918062053252118,3.464062,behind_best
2026-04-14 15:00,fill-000022,ord-001057,buy,75266.00000000,0.001,1776181588614,1776181588941,327,75268.00500000,75266.00500000,2.00500000,0.2663814458746448773286870032,0.00500000,0.0006643105343508002052188102716,-2.00000000,-0.2657171529921644661632788062,0.01000000,0.001328621068701600410437620543,2.940144,at_best
2026-04-14 15:00,fill-000023,ord-001069,buy,75248.00000000,0.001,1776181620214,1776181620286,72,75250.00500000,75250.00500000,2.00500000,0.2664451650202548159299125628,2.00500000,0.2664451650202548159299125628,0.00000000,0,0.01000000,0.001328903566185809555760162408,2.431465,behind_best
2026-04-14 15:00,fill-000024,ord-001082,sell,75186.00000000,0.00007000,1776181645314,1776181648568,3254,75183.99500000,75183.99500000,2.00500000,0.2666790983905550642793057219,2.00500000,0.2666790983905550642793057219,-0.00000000,-0,0.01000000,0.001330070316162369397901774174,4.748962,behind_best
2026-04-14 15:00,fill-000025,ord-001234,sell,75368.20000000,0.00007000,1776182068914,1776182073546,4632,75366.19500000,75366.19500000,2.00500000,0.2660343938021549316639907322,2.00500000,0.2660343938021549316639907322,-0.00000000,-0,0.01000000,0.001326854831930947290094716869,1.183765,behind_best
2026-04-14 15:00,fill-000026,ord-001242,sell,75432.04000000,0.00007000,1776182088914,1776182090354,1440,75430.03500000,75430.03500000,2.00500000,0.2658092363340412078557301478,2.00500000,0.2658092363340412078557301478,-0.00000000,-0,0.01000000,0.001325731852040105774841546872,2.406964,behind_best
2026-04-14 16:00,fill-000001,ord-000004,sell,75338.00000000,0.001,1776182405314,1776182405640,326,75335.99500000,75337.99500000,2.00500000,0.2661410392203620593316647640,0.00500000,0.0006636757455517630911202242640,-2.00000000,-0.2654773458557227524505384179,0.01000000,0.001327351491103526182240448528,1.160807,at_best
2026-04-14 16:00,fill-000002,ord-000015,buy,75379.90000000,0.00007000,1776182430714,1776182435941,5227,75381.90500000,75381.90500000,2.00500000,0.2659789507840110965622320105,2.00500000,0.2659789507840110965622320105,0.00000000,0,0.01000000,0.001326578308149681279612129728,2.965526,behind_best
2026-04-14 16:00,fill-000003,ord-000050,sell,75402.00000000,0.00007000,1776182519414,1776182523801,4387,75399.99500000,75400.44500000,2.00500000,0.2659151369970249998027188198,1.55500000,0.2062322045977314855369885416,-0.45000000,-0.05968170157040461342205659297,0.01000000,0.001326252119599559392520826634,2.806791,behind_best
2026-04-14 16:00,fill-000004,ord-000148,sell,75485.97000000,0.00007000,1776182781814,1776182787015,5201,75483.96500000,75484.30500000,2.00500000,0.2656193272306244114230088470,1.66500000,0.2205756547669081672011155167,-0.34000000,-0.04504267893187645879492419350,0.01000000,0.001324778707308757760967660761,1.77839,behind_best
2026-04-14 16:00,fill-000005,ord-000228,sell,75642.01000000,0.001,1776183028214,1776183029163,949,75640.00500000,75642.00500000,2.00500000,0.2650713732766146697108229964,0.00500000,0.0006610083907744116513040604886,-2.00000000,-0.2644103474080944336267561061,0.01000000,0.001322016781548823302608120977,0.912898,at_best
2026-04-14 16:00,fill-000006,ord-000264,sell,75590.12000000,0.00007000,1776183123314,1776183123727,413,75588.11500000,75588.11500000,2.00500000,0.2652533404226312562497424364,2.00500000,0.2652533404226312562497424364,-0.00000000,-0,0.01000000,0.001322959303853522475061059533,1.53166,behind_best
2026-04-14 16:00,fill-000007,ord-000314,sell,75480.00000000,0.00078000,1776183253014,1776183256962,3948,75477.99500000,75479.89500000,2.00500000,0.2656403366305636497100910007,0.10500000,0.01391098914485771343481598643,-1.90000000,-0.2517289973057710396255226441,0.01000000,0.001324856109034067946172951088,1.703149,behind_best
2026-04-14 16:00,fill-000008,ord-000407,buy,75296.40000000,0.00019000,1776183539414,1776183540130,716,75298.40500000,75298.40500000,2.00500000,0.2662739004896584462844863713,2.00500000,0.2662739004896584462844863713,0.00000000,0,0.01000000,0.001328049379000790255782974420,3.335244,behind_best
2026-04-14 16:00,fill-000009,ord-000428,sell,75342.00000000,0.001,1776183616814,1776183618390,1576,75339.99500000,75339.99500000,2.00500000,0.2661269090872650044640963940,2.00500000,0.2661269090872650044640963940,-0.00000000,-0,0.01000000,0.001327316254799326705556590494,0.694507,behind_best
2026-04-14 16:00,fill-000010,ord-000554,sell,75290.00000000,0.001,1776183960814,1776183961599,785,75287.99500000,75289.99500000,2.00500000,0.2663107179305279679715205592,0.00500000,0.0006640988620068310537143746656,-2.00000000,-0.2656466014269605665551327273,0.01000000,0.001328197724013662107428749331,2.283792,at_best
2026-04-14 16:00,fill-000011,ord-000574,sell,75342.00000000,0.001,1776184020614,1776184022770,2156,75339.99500000,75341.99500000,2.00500000,0.2661269090872650044640963940,0.00500000,0.0006636405101829331702724357113,-2.00000000,-0.2654632509598653411113180987,0.01000000,0.001327281020365866340544871423,1.450949,at_best
2026-04-14 16:00,fill-000012,ord-000576,sell,75344.00000000,0.00007000,1776184022814,1776184023904,1090,75341.99500000,75343.39500000,2.00500000,0.2661198445833562012792467202,0.60500000,0.08029900962121497179679784804,-1.40000000,-0.1858193428512212876762819992,0.01000000,0.001327256357375454079285914844,1.345983,behind_best
2026-04-14 16:00,fill-000013,ord-000597,buy,75287.99000000,0.00065000,1776184097614,1776184100292,2678,75289.99500000,75288.00500000,2.00500000,0.2663036436647392525394642409,0.01500000,0.001992349246071801211892917072,-1.99000000,-0.2643113470787187593783211169,0.01000000,0.001328232830714534141261944715,3.295372,behind_best
2026-04-14 16:00,fill-000014,ord-000636,sell,75220.00000000,0.001,1776184225114,1776184226498,1384,75217.99500000,75219.99500000,2.00500000,0.2665585542395805684530676469,0.00500000,0.0006647168748150009847780500384,-2.00000000,-0.2658938196903546817486959071,0.01000000,0.001329433749630001969556100077,5.664312,at_best
2026-04-14 16:00,fill-000015,ord-000638,sell,75222.00000000,0.001,1776184226514,1776184229498,2984,75219.99500000,75221.99500000,2.00500000,0.2665514668008153948959980654,0.00500000,0.0006646992013439686091813970103,-2.00000000,-0.2658867499260003939112200154,0.01000000,0.001329398402687937218362794021,5.583559,at_best
2026-04-14 16:00,fill-000016,ord-000747,buy,75137.99000000,0.00065000,1776184540514,1776184541898,1384,75139.99500000,75139.99500000,2.00500000,0.2668352586395567367285558111,2.00500000,0.2668352586395567367285558111,0.00000000,0,0.01000000,0.001330849170272103425080078858,3.015947,behind_best
2026-04-14 16:00,fill-000017,ord-000766,sell,75131.44000000,0.00007000,1776184585514,1776184587499,1985,75129.43500000,75129.43500000,2.00500000,0.2668727643166756145577296036,2.00500000,0.2668727643166756145577296036,-0.00000000,-0,0.01000000,0.001331036231005863414253015479,1.562763,behind_best
2026-04-14 16:00,fill-000018,ord-000780,sell,75168.00000000,0.00016000,1776184621514,1776184623109,1595,75165.99500000,75167.75500000,2.00500000,0.2667429600313279961237791105,0.24500000,0.03259376311025917961764323013,-1.76000000,-0.2341484337432106100637662017,0.01000000,0.001330357677969762433373193067,2.912441,behind_best
2026-04-14 16:00,fill-000019,ord-000844,sell,75238.01000000,0.00037000,1776184804514,1776184828260,23746,75236.00500000,75236.00500000,2.00500000,0.2664947454347157321816861488,2.00500000,0.2664947454347157321816861488,-0.00000000,-0,0.01000000,0.001329150850048457517115641640,1.058731,behind_best
2026-04-14 16:00,fill-000020,ord-000852,sell,75240.61000000,0.00016000,1776184843314,1776184846748,3434,75238.60500000,75240.59500000,2.00500000,0.2664855362483129505125726348,0.01500000,0.001993604649192367497891264682,-1.99000000,-0.2644918788698966441496356824,0.01000000,0.001329069766128244998594176455,0.796525,behind_best
2026-04-14 16:00,fill-000021,ord-000852,sell,75240.61000000,0.00084000,1776184843314,1776184846778,3464,75238.60500000,75240.59500000,2.00500000,0.2664855362483129505125726348,0.01500000,0.001993604649192367497891264682,-1.99000000,-0.2644918788698966441496356824,0.01000000,0.001329069766128244998594176455,0.796525,behind_best
2026-04-14 16:00,fill-000022,ord-000876,buy,75219.38000000,0.00007000,1776184905016,1776184927574,22558,75221.38500000,75221.38500000,2.00500000,0.2665465412528631319404714497,2.00500000,0.2665465412528631319404714497,0.00000000,0,0.01000000,0.001329409183306050533368934911,0.758237,behind_best
2026-04-14 16:00,fill-000023,ord-000898,buy,75230.92000000,0.001,1776184970614,1776184977000,6386,75232.92500000,75232.92500000,2.00500000,0.2665056556022512749570749775,2.00500000,0.2665056556022512749570749775,0.00000000,0,0.01000000,0.001329205264849133540933042282,0.832917,behind_best
2026-04-14 16:00,fill-000024,ord-000930,buy,75253.40000000,0.00007000,1776185056014,1776185061912,5898,75255.40500000,75255.40500000,2.00500000,0.2664260460760260342762091308,2.00500000,0.2664260460760260342762091308,0.00000000,0,0.01000000,0.001328808209855491442774110378,1.213432,behind_best
2026-04-14 16:00,fill-000025,ord-001051,sell,75011.06000000,0.001,1776185446514,1776185448812,2298,75009.05500000,75011.05500000,2.00500000,0.2673010611852129052952340221,0.00500000,0.0006665684144823719650390199151,-2.00000000,-0.2666344749977186087733007702,0.01000000,0.001333136828964743930078039830,4.394946,at_best
2026-04-14 16:00,fill-000026,ord-001113,sell,74856.84000000,0.001,1776185607114,1776185608249,1135,74854.83500000,74855.76500000,2.00500000,0.2678517693613244889257988479,1.07500000,0.1436095135758748841856068133,-0.93000000,-0.1242404715740806856364054506,0.01000000,0.001335902451868603573819598263,2.633352,behind_best
2026-04-14 16:00,fill-000027,ord-001129,sell,74791.99000000,0.00023000,1776185613314,1776185614514,1200,74789.98500000,74791.90500000,2.00500000,0.2680840222123323062573150670,0.08500000,0.01136486629134530000272088269,-1.92000000,-0.2567188641634304379122418597,0.01000000,0.001337043093099447059143633258,3.844474,behind_best
2026-04-14 16:00,fill-000028,ord-001178,buy,74698.00000000,0.001,1776185864615,1776185867377,2762,74700.00500000,74700.00500000,2.00500000,0.2684069432123866658375725678,2.00500000,0.2684069432123866658375725678,0.00000000,0,0.01000000,0.001338687996071753944327045226,4.265409,behind_best
